ID,COLLEGE,INCOME,OVERAGE,LEFTOVER,HOUSE,HANDSET_PRICE,OVER_15MINS_CALLS_PER_MONTH,AVERAGE_CALL_DURATION,REPORTED_SATISFACTION,REPORTED_USAGE_LEVEL,CONSIDERING_CHANGE_OF_PLAN,CHURN
544,1,47711,183,17,730589,192,19,5,unsat,little,considering,0
689,0,74132,191,43,535092,349,15,2,unsat,very_little,no,1
3134,1,150419,0,14,204004,682,0,6,unsat,very_high,considering,0
12523,0,159567,0,58,281969,634,1,1,very_unsat,very_high,never_thought,0
2374,1,23392,0,0,216707,233,0,15,unsat,very_little,no,1
17708,1,119591,0,43,231309,714,1,1,very_sat,little,considering,0
6337,1,99548,235,0,238561,294,15,6,very_unsat,little,actively_looking_into_it,1
14459,1,63338,50,57,394791,362,4,1,sat,little,no,0
11134,1,133496,163,11,166179,864,10,5,,little,actively_looking_into_it,1
11959,1,155145,29,18,717451,671,4,4,unsat,high,considering,0
465,0,117558,40,6,403254,263,3,6,very_unsat,very_high,considering,0
9886,1,90927,213,84,162266,303,21,2,very_unsat,very_little,no,1
17572,1,31749,51,0,388298,220,3,2,very_sat,very_high,no,1
14755,0,125511,0,0,162564,619,0,1,very_sat,high,considering,1
12047,1,39476,0,46,975301,132,0,2,very_sat,little,actively_looking_into_it,0
16074,0,85246,0,12,864913,207,0,5,very_unsat,avg,actively_looking_into_it,0
5294,0,116680,189,0,212073,611,28,10,very_unsat,very_high,considering,1
1597,1,92778,0,0,564412,286,5,9,very_unsat,avg,actively_looking_into_it,0
12740,1,64360,48,19,973489,357,5,5,very_unsat,little,considering,0
6385,0,89247,93,19,166814,253,21,5,very_sat,very_little,considering,0
17094,1,78389,192,8,633117,392,25,4,very_unsat,little,considering,0
10882,1,151060,23,55,356870,517,4,1,avg,very_little,no,1
9743,1,27951,0,7,887356,168,0,6,very_unsat,little,no,1
555,0,42564,174,0,270823,209,25,13,unsat,very_little,considering,1
9098,0,144913,0,15,310943,768,1,6,avg,very_high,no,0
8365,1,122272,0,0,963379,708,1,12,very_unsat,very_high,considering,1
15152,0,80273,218,32,916662,318,19,15,very_unsat,little,considering,1
1640,1,144316,66,6,650622,673,0,4,very_unsat,very_little,no,0
1160,0,69417,52,88,686029,331,3,2,very_unsat,little,actively_looking_into_it,1
8071,0,58246,0,0,640137,263,0,11,very_unsat,very_high,considering,1
5341,0,49450,0,0,271378,228,4,9,very_unsat,little,considering,0
8252,0,57157,41,74,248089,656,4,2,very_unsat,very_high,actively_looking_into_it,0
44,0,60057,159,0,439553,321,28,11,very_unsat,little,no,1
2602,0,102848,198,0,309201,764,27,11,avg,little,perhaps,0
2403,0,60890,197,0,645244,371,14,12,very_sat,little,considering,0
5664,1,30191,0,21,556230,161,1,6,very_unsat,little,considering,1
15988,0,87969,65,6,194564,170,3,6,very_unsat,very_little,considering,0
7363,0,34458,0,0,234238,156,0,15,unsat,little,considering,1
15027,0,129806,0,15,345692,498,1,6,very_sat,very_little,never_thought,0
14146,0,128805,182,58,381514,423,28,2,unsat,very_little,no,1
8191,1,140116,158,22,382210,405,28,14,very_sat,very_little,considering,1
8023,1,149029,0,18,677583,837,1,5,very_unsat,little,no,0
19607,0,89152,230,0,605293,282,10,13,very_unsat,very_high,actively_looking_into_it,1
8736,0,95321,236,0,630612,255,19,14,very_unsat,high,considering,0
13558,1,134697,0,0,370297,454,3,2,very_unsat,little,considering,1
13548,1,21472,69,77,899386,578,3,1,very_unsat,very_little,considering,0
15247,0,21676,52,0,717258,140,3,8,avg,very_little,considering,0
5373,1,83250,0,19,294486,339,1,5,unsat,very_high,considering,0
257,1,29215,0,11,829545,147,0,5,very_unsat,very_little,considering,0
19344,0,126802,0,88,265977,629,0,1,very_unsat,avg,considering,0
8230,1,66866,0,24,601204,322,1,14,avg,little,considering,1
10523,1,108123,0,0,987559,472,4,10,unsat,little,actively_looking_into_it,0
3729,1,135755,0,0,377016,535,29,14,very_unsat,avg,considering,0
13699,1,125375,216,37,793744,866,26,6,very_unsat,little,actively_looking_into_it,1
7923,0,85518,173,0,237274,366,18,8,very_sat,little,considering,1
11596,0,117535,61,0,190623,408,3,13,very_sat,very_little,actively_looking_into_it,0
16321,0,27065,63,0,895123,160,4,10,unsat,very_high,actively_looking_into_it,0
4682,1,136294,0,17,231277,722,1,2,unsat,very_high,actively_looking_into_it,0
16318,0,95177,0,24,439663,368,1,5,very_unsat,little,considering,0
13916,0,78777,32,87,667417,265,3,2,sat,very_little,no,0
7530,0,89282,54,23,279395,318,5,6,very_sat,little,actively_looking_into_it,1
2648,0,41504,0,64,474555,143,4,2,unsat,very_high,no,1
3106,0,44068,85,50,242510,207,4,1,unsat,little,actively_looking_into_it,0
18293,1,84726,48,19,211426,369,4,5,very_sat,very_little,considering,0
4783,0,155349,0,80,439967,750,1,1,unsat,little,actively_looking_into_it,1
9567,0,82414,203,83,437796,308,20,1,very_unsat,very_little,considering,1
1824,1,49046,74,37,619694,221,3,2,avg,very_high,no,0
12060,0,138313,101,0,918147,403,4,11,avg,very_high,actively_looking_into_it,0
8632,1,46375,162,24,223945,241,26,4,very_unsat,little,actively_looking_into_it,1
8925,0,41888,0,38,818046,200,0,1,avg,little,actively_looking_into_it,0
2365,0,77995,0,17,782097,373,0,5,very_sat,little,considering,0
8996,0,136220,90,58,171255,471,5,1,sat,little,no,1
16648,1,125334,0,85,329526,501,0,2,very_unsat,very_high,actively_looking_into_it,1
11644,1,155563,167,36,437197,590,24,2,sat,little,considering,1
19564,0,95306,205,16,864429,289,18,4,very_unsat,high,considering,0
11856,0,65038,0,71,992519,288,1,1,very_sat,very_little,considering,1
9691,0,147685,54,0,939222,810,4,8,very_sat,little,perhaps,0
17677,0,121422,247,23,699442,646,18,4,very_unsat,high,actively_looking_into_it,1
13882,1,88851,0,80,566109,342,1,10,very_unsat,little,perhaps,0
305,0,21030,56,0,323875,239,4,9,unsat,very_little,no,0
221,1,35996,210,23,223268,212,14,15,avg,little,actively_looking_into_it,1
16778,1,69067,67,46,209656,379,5,2,unsat,very_high,considering,0
4072,0,64190,0,0,338491,286,1,14,very_unsat,very_high,considering,0
11970,1,57679,47,89,377576,287,3,8,very_unsat,little,actively_looking_into_it,0
10620,0,32601,74,20,293570,214,3,6,avg,very_high,considering,0
19656,0,98987,226,24,523403,399,12,15,very_unsat,little,never_thought,1
13320,0,65994,171,85,264974,333,27,2,very_sat,very_high,considering,1
16853,0,33539,0,68,227953,165,0,1,unsat,little,actively_looking_into_it,1
13712,1,64777,0,8,720317,289,1,6,very_sat,very_high,never_thought,0
16742,0,87614,0,11,219847,277,0,4,unsat,very_little,actively_looking_into_it,0
3800,1,37230,0,0,365044,238,0,9,unsat,avg,considering,1
16424,0,20029,206,16,218249,132,11,5,avg,little,considering,0
15888,1,96719,0,62,290915,398,4,2,very_sat,very_little,perhaps,1
14992,1,62369,0,7,353005,247,0,2,very_unsat,very_high,considering,0
5542,1,149681,219,27,606971,722,27,1,very_unsat,very_high,considering,0
1379,1,104243,150,21,704682,404,4,6,very_unsat,very_high,considering,1
9876,0,62019,74,70,597379,297,5,1,very_sat,very_little,considering,1
11417,0,136803,174,23,437576,143,16,5,avg,very_high,no,1
12946,0,82222,64,9,571656,288,3,1,sat,very_high,actively_looking_into_it,1
16363,0,151957,223,22,183836,721,28,4,very_unsat,very_little,considering,1
19067,0,114022,222,52,340333,666,18,2,very_unsat,very_high,no,1
19683,1,37828,57,0,222546,219,3,5,avg,little,no,1
14853,0,50343,0,13,902022,338,0,6,sat,little,no,0
5391,0,22114,0,0,649945,185,0,11,very_unsat,little,no,0
18732,0,53420,22,8,352597,321,4,4,avg,very_high,actively_looking_into_it,0
8803,1,157632,230,29,868015,839,23,6,unsat,little,never_thought,1
12655,1,99877,229,8,602814,398,0,4,sat,little,considering,0
5730,1,27887,278,30,170754,209,26,1,very_unsat,high,no,0
18818,1,46030,286,0,289619,184,18,11,avg,little,considering,0
4599,0,77465,173,17,227905,338,18,6,unsat,very_little,considering,1
11858,1,63050,0,49,751576,250,0,1,very_unsat,little,no,0
2020,0,127353,0,58,265776,610,14,2,very_unsat,very_high,considering,1
13269,0,47403,0,5,385948,216,1,4,avg,little,considering,0
8293,1,86658,184,12,246572,253,29,5,very_sat,very_high,considering,1
17855,0,49850,237,36,473556,173,12,2,unsat,little,actively_looking_into_it,0
11038,0,60641,33,0,987364,397,3,12,very_sat,little,never_thought,0
10930,1,37074,225,38,349523,199,15,1,very_sat,very_high,considering,1
1194,1,154470,68,0,348440,739,3,9,very_sat,very_little,actively_looking_into_it,1
16560,0,33594,0,28,247987,144,1,2,very_sat,very_little,considering,0
2349,1,57380,204,0,290207,259,28,14,very_unsat,very_high,considering,1
12129,1,59191,0,28,199156,410,1,2,very_unsat,little,considering,0
11794,1,30047,0,29,258078,160,0,2,unsat,very_little,actively_looking_into_it,1
10790,1,135177,38,0,214228,703,3,15,very_sat,little,never_thought,1
4818,1,78042,48,48,227504,382,5,1,very_unsat,very_high,no,0
3466,0,74837,196,22,503230,330,12,9,very_sat,little,considering,1
8726,0,20898,0,0,827823,223,0,8,very_unsat,very_high,actively_looking_into_it,1
9666,0,132408,0,0,655271,524,1,9,very_unsat,very_little,actively_looking_into_it,1
9369,1,85907,0,8,429126,210,1,11,very_sat,little,actively_looking_into_it,0
2985,1,31937,0,27,426584,139,1,1,unsat,little,considering,1
16461,1,26821,153,0,435621,219,29,1,very_unsat,very_high,no,1
7614,0,43803,0,0,800811,164,1,12,avg,very_high,perhaps,0
9929,0,55749,193,66,258181,308,12,2,very_sat,little,no,1
10137,1,96329,0,16,315899,345,1,4,avg,little,actively_looking_into_it,0
13824,1,121121,71,0,357375,404,5,12,very_sat,little,considering,0
4113,1,86288,0,0,171305,749,0,13,very_unsat,little,no,0
3957,1,119288,193,89,170795,808,14,1,very_sat,very_little,considering,1
15986,1,83731,69,19,526465,261,3,4,very_unsat,very_high,never_thought,0
4638,1,24502,0,22,338917,196,1,6,very_unsat,little,considering,1
14566,1,106217,189,24,617590,166,4,5,very_sat,very_high,perhaps,1
16120,0,80536,0,33,263408,264,1,2,very_sat,very_high,actively_looking_into_it,1
5820,1,87463,75,7,775862,358,21,6,unsat,little,considering,1
8525,0,84653,0,11,974214,273,1,6,very_unsat,high,no,0
14748,1,82947,226,69,509306,379,24,1,very_unsat,high,perhaps,1
5825,1,97543,231,0,539754,379,17,15,very_sat,very_high,considering,1
16262,0,53285,0,24,522963,258,3,5,unsat,very_high,no,0
16441,1,106353,54,43,478045,568,5,2,very_sat,very_little,no,1
4471,0,98977,150,0,244392,275,22,9,very_unsat,very_high,considering,1
3514,0,25484,0,14,792616,174,0,15,avg,very_little,considering,0
15342,1,114114,156,88,691325,402,29,2,avg,little,considering,1
13683,1,77799,202,0,666856,372,25,14,very_sat,little,actively_looking_into_it,0
5670,0,82776,226,60,404880,397,19,1,very_unsat,very_high,actively_looking_into_it,1
11146,0,42044,59,0,184307,135,4,12,very_unsat,little,considering,0
12430,0,70496,191,11,160107,262,11,5,avg,very_little,no,1
15617,0,55828,230,25,673301,317,19,2,very_unsat,very_little,actively_looking_into_it,0
7564,1,67690,0,60,249153,302,1,2,very_unsat,high,no,1
8869,0,87556,64,14,990979,324,4,6,avg,very_high,considering,0
2498,0,114714,228,37,525208,562,25,1,avg,very_little,considering,1
16459,1,27809,0,20,285643,265,0,5,unsat,very_little,considering,0
12607,0,74897,0,11,244333,248,1,4,very_sat,little,no,0
18976,1,96835,73,0,539653,372,4,14,unsat,little,no,1
5351,0,37144,73,0,528821,232,5,1,unsat,very_high,actively_looking_into_it,1
15409,1,69957,240,16,956392,345,17,5,very_sat,little,never_thought,0
11238,1,48221,51,8,202029,211,3,6,avg,very_little,considering,1
14947,1,26566,181,0,281191,247,17,14,very_unsat,very_little,actively_looking_into_it,1
4956,0,36167,0,40,940806,174,0,2,very_unsat,little,never_thought,0
3964,1,139961,149,43,297754,822,17,2,very_sat,very_little,considering,1
876,0,40964,0,13,260822,189,0,13,unsat,little,considering,0
717,0,37627,0,6,261686,224,0,6,very_unsat,very_little,no,0
12729,1,99803,199,67,296908,360,13,2,very_sat,high,actively_looking_into_it,1
12826,0,38456,0,18,221333,201,0,6,very_unsat,little,no,0
11853,0,31895,0,0,719922,170,0,12,unsat,little,considering,0
14678,1,127235,0,32,970453,797,0,2,very_unsat,little,perhaps,1
2868,0,153303,57,5,812840,899,4,5,unsat,very_high,actively_looking_into_it,0
3203,0,32016,183,42,862027,170,16,2,very_unsat,very_little,never_thought,0
12262,0,132305,180,0,801996,742,20,11,avg,little,no,1
1152,1,21883,0,29,527858,199,1,2,very_sat,very_little,actively_looking_into_it,1
15679,1,33188,208,0,294263,309,4,10,unsat,little,considering,1
1034,0,107481,63,31,162506,451,3,1,sat,very_little,no,1
6804,0,77310,81,0,223791,270,4,13,very_sat,very_little,actively_looking_into_it,1
14276,0,25105,263,14,881936,185,25,14,very_unsat,very_little,considering,0
19277,0,88596,56,59,524782,371,4,2,unsat,little,never_thought,1
14174,0,40761,0,22,161727,237,0,4,very_unsat,very_high,never_thought,1
7390,1,35789,183,16,653818,161,15,4,avg,high,considering,1
9256,0,64954,227,0,299217,299,11,13,very_unsat,very_high,considering,1
13381,0,25137,61,0,244287,195,3,14,very_unsat,little,considering,0
13781,0,35319,192,66,269330,226,22,10,very_unsat,very_little,actively_looking_into_it,1
4228,0,144306,213,58,176213,899,17,2,avg,little,no,1
145,1,65410,0,32,259440,361,1,2,very_sat,little,no,1
19367,0,28052,89,0,699655,188,5,11,very_sat,high,actively_looking_into_it,0
16829,0,40898,32,0,853353,260,5,9,very_unsat,very_high,no,0
12418,0,37500,80,0,565327,213,3,6,sat,very_little,considering,0
19739,0,129579,229,15,693674,447,27,5,avg,very_high,no,1
12214,0,110522,0,9,166351,392,0,4,very_sat,high,no,0
6289,0,93834,0,57,642665,372,1,2,very_unsat,little,considering,0
757,1,24340,0,16,157568,183,0,4,very_unsat,very_high,actively_looking_into_it,0
5371,1,22854,0,16,717330,232,1,6,sat,little,no,0
5959,1,41325,59,36,824664,225,4,1,very_unsat,little,considering,0
7023,0,113740,42,11,769437,710,5,4,very_sat,high,considering,0
16525,0,129108,43,13,260009,747,5,4,very_sat,very_high,considering,1
1679,1,112406,61,21,795156,487,3,5,very_unsat,very_little,considering,1
10793,0,125565,46,0,402152,537,18,14,very_unsat,very_little,no,0
6093,1,75005,184,62,299657,336,27,6,very_sat,little,considering,1
4084,0,41883,0,8,523111,228,0,6,very_sat,little,considering,1
11375,0,89605,47,68,897552,307,4,1,unsat,little,considering,0
3750,0,40582,0,86,281426,151,1,2,very_unsat,very_little,actively_looking_into_it,0
832,0,35845,218,0,213438,250,20,15,avg,little,no,0
13542,0,54320,0,0,752895,320,1,10,very_sat,little,considering,1
798,1,144835,193,17,180698,677,29,4,avg,very_high,considering,0
11291,0,102780,224,48,233304,788,29,2,very_sat,little,considering,0
17584,1,156793,180,35,464625,876,11,1,very_unsat,little,actively_looking_into_it,1
5473,0,67342,159,48,383122,312,16,1,very_unsat,very_little,considering,1
5262,1,56575,0,61,222784,371,0,1,very_unsat,little,considering,1
14692,0,37783,0,10,168160,166,0,5,avg,high,actively_looking_into_it,0
18874,1,122847,49,10,647743,689,5,6,very_unsat,little,no,0
13557,1,121969,180,10,548543,441,24,5,very_sat,little,considering,0
13067,0,42755,0,70,292237,322,1,1,very_unsat,little,actively_looking_into_it,0
5054,1,73545,69,0,512223,332,4,5,unsat,little,considering,0
13428,0,47329,63,0,263839,340,5,13,unsat,very_high,no,1
17439,0,99484,0,48,406996,315,1,15,very_unsat,little,no,1
10857,0,47544,0,39,253512,239,0,2,very_sat,little,considering,1
5486,0,61501,30,42,454283,358,5,2,very_sat,little,perhaps,1
19372,0,26447,57,43,813246,187,3,6,unsat,little,considering,0
6166,1,79860,234,83,160417,381,11,2,very_sat,little,considering,1
17340,0,41458,203,42,302411,207,10,1,very_unsat,little,never_thought,1
15984,1,121805,0,51,924991,472,0,1,very_unsat,little,perhaps,0
1001,0,46853,67,80,220970,301,5,2,very_sat,little,considering,0
12918,1,31799,238,44,246763,232,20,1,very_sat,very_little,considering,1
8810,0,132005,62,36,499877,561,3,2,unsat,very_little,no,1
19595,0,40219,54,0,906479,349,3,8,very_unsat,little,considering,0
11682,0,93031,0,15,150498,363,1,4,very_unsat,very_high,never_thought,0
6588,0,97840,197,18,710048,340,20,4,very_unsat,very_little,no,0
14940,0,82560,0,0,293346,337,0,8,avg,little,actively_looking_into_it,0
5172,0,128725,0,13,245070,470,0,6,very_sat,very_high,perhaps,0
5834,1,20755,147,0,235724,130,28,11,very_sat,high,considering,1
16824,0,21965,0,0,874048,234,1,1,very_sat,very_little,actively_looking_into_it,0
1254,1,101399,176,10,218787,752,13,6,very_unsat,very_high,never_thought,1
6935,1,32400,59,80,201831,188,5,1,sat,little,no,0
7462,1,29494,76,38,434842,222,4,2,very_sat,high,actively_looking_into_it,1
5330,1,24589,0,14,510657,177,1,5,very_sat,little,perhaps,0
9311,1,36852,42,0,247241,245,4,12,avg,little,considering,1
6177,1,87858,171,0,816735,271,29,13,very_sat,little,considering,0
15383,1,150669,0,0,790236,659,1,9,very_unsat,very_high,never_thought,0
2610,1,52501,0,0,772210,368,1,2,unsat,avg,considering,0
18704,0,39774,160,0,362109,212,26,11,very_unsat,very_high,considering,1
10202,1,28178,0,13,255069,152,1,4,very_sat,little,perhaps,0
17814,1,132990,62,32,376081,718,3,2,very_unsat,very_little,considering,0
5972,1,71677,0,0,607087,356,1,10,very_sat,little,no,1
13496,0,121649,211,0,185573,527,19,5,very_unsat,high,considering,1
15192,1,78369,143,0,195178,380,14,13,very_unsat,little,considering,1
7299,1,110365,243,0,675801,678,16,8,very_unsat,very_little,no,1
9072,0,105917,177,7,288997,549,21,6,very_unsat,very_high,considering,1
8685,1,129416,63,71,575193,197,3,2,very_sat,little,actively_looking_into_it,1
6678,1,127891,174,0,236841,595,22,9,very_sat,very_high,perhaps,0
16456,1,41265,0,11,274366,130,1,6,very_unsat,little,no,0
7286,1,109908,219,0,663203,697,18,13,very_unsat,very_high,considering,1
5728,1,59505,91,74,362390,254,5,12,unsat,high,considering,1
9592,1,98032,50,0,319201,268,3,10,very_unsat,very_high,actively_looking_into_it,0
13942,0,64648,255,37,164391,291,13,1,very_unsat,very_little,considering,1
19529,0,27031,0,0,506777,234,1,14,very_unsat,very_high,no,1
11147,0,94609,38,0,835478,284,3,10,very_unsat,little,considering,0
3605,1,99667,60,6,497765,152,3,4,sat,little,actively_looking_into_it,1
11923,1,35758,189,13,174526,309,11,6,very_sat,very_little,considering,1
3361,1,141550,0,59,608547,521,3,8,very_sat,very_high,no,1
13679,1,127065,200,10,771585,838,29,4,very_unsat,very_little,considering,1
7284,1,106509,56,33,374988,462,4,2,very_sat,very_high,considering,1
2138,1,63512,106,63,485599,253,20,1,sat,little,never_thought,1
1017,1,105998,0,82,260026,276,1,1,very_unsat,very_little,considering,1
1040,0,155867,64,73,172452,745,5,2,very_sat,very_high,considering,0
18381,1,133473,46,6,795856,573,5,4,very_unsat,little,considering,1
2536,1,43226,39,0,478078,863,3,11,unsat,very_high,considering,0
11428,0,57924,0,0,767493,396,0,12,avg,little,never_thought,0
10692,0,21990,0,0,342743,232,0,13,very_sat,little,considering,0
11374,0,37510,167,11,431161,142,18,6,very_unsat,very_high,considering,1
7916,0,32029,66,0,814470,175,3,15,very_sat,very_little,never_thought,0
8927,0,117520,47,85,229857,886,4,1,very_unsat,high,considering,0
15297,1,25809,71,0,444536,165,4,14,very_unsat,high,no,1
8301,1,98084,0,0,185207,398,1,13,avg,little,considering,0
1304,0,64414,71,65,824512,350,5,1,very_unsat,little,never_thought,0
6129,0,36021,0,0,496972,253,0,11,unsat,little,considering,1
9543,1,30789,0,24,729202,163,1,5,very_unsat,little,actively_looking_into_it,0
17483,1,141947,212,35,692136,562,27,2,very_unsat,little,actively_looking_into_it,1
19164,1,58575,241,0,614705,593,20,14,unsat,high,no,1
5540,0,47738,71,0,232091,199,3,13,avg,little,considering,1
17619,0,139479,60,49,275655,885,3,1,avg,very_high,no,1
9831,1,62650,71,0,783468,277,5,15,very_sat,high,considering,1
18070,0,110639,92,7,318146,492,5,6,unsat,high,actively_looking_into_it,1
7006,1,74618,0,89,206294,389,0,1,very_unsat,very_high,no,0
9318,1,24217,0,11,514756,152,0,5,unsat,little,no,0
13245,1,151698,0,54,156868,538,0,1,unsat,very_little,actively_looking_into_it,1
18521,1,25627,0,0,367237,163,0,11,avg,avg,no,1
26,1,47502,0,0,507873,199,1,11,avg,very_high,actively_looking_into_it,0
12535,1,67983,191,0,207208,384,19,14,very_unsat,very_high,no,1
13909,0,151214,0,20,227874,779,1,6,very_sat,very_high,actively_looking_into_it,0
8551,1,142026,55,0,543913,402,3,15,very_sat,little,no,1
6817,0,39123,171,0,426781,164,22,15,sat,very_little,considering,1
12989,1,116515,208,19,815575,709,4,6,very_sat,very_high,no,0
6028,0,45980,83,0,965981,142,3,15,very_sat,little,no,0
9128,0,48550,185,0,351908,200,22,8,very_unsat,very_little,no,1
11765,0,90238,173,0,920347,310,17,15,very_unsat,little,actively_looking_into_it,1
3684,0,98706,147,9,955323,339,20,4,very_sat,very_little,considering,0
4546,1,120138,232,10,329689,511,15,6,very_unsat,high,actively_looking_into_it,1
8449,0,43131,0,0,927350,161,0,15,unsat,little,considering,0
3761,1,159585,0,32,569323,530,0,4,very_unsat,little,considering,1
3165,0,23392,202,6,223073,203,17,5,avg,very_high,never_thought,1
4430,0,117216,174,6,418921,745,26,6,very_sat,very_high,considering,1
15385,1,40530,75,14,457314,248,0,6,unsat,very_little,no,0
11617,0,63171,0,7,232477,288,0,4,very_sat,little,considering,0
13005,1,20962,0,0,408394,194,0,9,very_sat,high,no,1
13456,0,119097,77,0,999472,777,3,11,very_unsat,very_little,actively_looking_into_it,0
10048,1,95098,0,31,406176,340,1,12,very_sat,little,considering,1
14449,0,149050,154,24,470213,771,3,4,very_sat,high,no,1
1136,1,59458,0,0,815034,315,0,11,unsat,little,perhaps,0
4397,0,82646,180,0,600714,284,22,15,unsat,little,no,0
2595,0,76435,38,0,468635,337,5,13,unsat,little,actively_looking_into_it,1
1291,0,33548,50,20,565961,247,3,5,very_unsat,very_high,actively_looking_into_it,1
17521,1,38534,210,18,731109,181,29,6,very_unsat,little,never_thought,0
16130,1,95064,0,24,956705,345,1,4,sat,very_little,never_thought,0
262,0,38536,167,72,643546,160,1,2,very_unsat,very_high,no,0
11054,1,27572,58,17,266921,217,4,4,avg,little,considering,0
9376,0,83350,74,6,507497,369,5,6,very_unsat,little,never_thought,0
1154,1,31992,63,82,954887,178,3,1,very_sat,very_high,considering,0
11540,0,86846,0,16,294300,335,1,5,unsat,little,considering,0
11654,0,47321,210,11,394535,187,26,4,very_sat,little,never_thought,1
1035,1,94564,0,7,295138,399,1,5,very_sat,little,considering,0
562,0,39620,0,15,488709,161,0,4,sat,very_high,actively_looking_into_it,0
3622,0,80120,67,52,491861,378,5,5,very_sat,little,considering,1
6344,1,97278,0,85,308882,324,1,2,very_sat,little,no,1
14072,1,41174,0,0,261622,183,1,8,sat,little,never_thought,1
15774,0,33570,74,14,447831,230,5,5,very_sat,little,actively_looking_into_it,1
9385,0,79790,203,16,521394,346,21,5,very_unsat,little,never_thought,1
9710,0,22777,203,14,978990,485,11,8,unsat,little,considering,0
10992,0,33125,0,58,588696,803,3,1,very_unsat,little,actively_looking_into_it,0
2675,1,20805,0,5,721242,181,0,4,very_unsat,very_little,actively_looking_into_it,0
15430,0,84219,79,0,591100,365,5,1,very_sat,little,never_thought,1
3321,0,37187,55,23,571260,214,4,6,very_unsat,very_little,never_thought,1
6610,0,87933,0,6,887360,363,0,6,avg,very_high,never_thought,0
14334,1,45403,29,24,482581,224,3,5,very_unsat,little,no,1
1783,1,29377,207,0,844930,139,10,1,very_sat,avg,considering,1
12384,1,118896,0,38,699089,699,18,1,very_unsat,very_little,considering,1
15894,1,83585,47,72,223916,359,5,2,very_sat,little,perhaps,1
15506,0,22946,0,10,556089,151,0,5,very_sat,very_high,perhaps,0
14807,0,91155,43,0,252821,545,20,11,unsat,very_little,considering,0
1200,1,113260,52,37,624391,497,3,2,very_unsat,very_little,considering,0
19424,0,157129,0,73,505492,464,0,2,unsat,very_high,no,1
7452,0,43455,0,24,804654,233,0,4,very_unsat,very_little,considering,0
7339,1,64133,0,71,949094,261,1,1,unsat,very_little,considering,0
18468,0,149672,188,0,426301,832,11,1,very_unsat,little,never_thought,1
10587,0,48467,44,15,413462,675,5,6,very_sat,very_high,considering,0
14024,1,113606,69,23,849499,490,4,5,very_unsat,very_high,actively_looking_into_it,0
17769,0,144197,187,0,199251,300,19,13,very_unsat,little,considering,1
1139,0,130360,204,0,248558,788,18,15,very_unsat,high,considering,0
2518,0,144524,163,6,153237,875,17,5,very_unsat,very_high,no,1
10984,1,132976,0,23,980860,866,0,6,very_sat,avg,considering,0
5039,1,72418,70,0,263839,273,28,15,very_unsat,little,no,1
16359,0,40268,0,0,244569,217,0,14,very_unsat,very_high,considering,0
653,0,147104,221,62,676208,793,4,1,unsat,very_high,considering,1
4768,1,151311,0,0,294544,820,0,14,very_sat,very_high,considering,1
16831,1,58042,0,73,229151,356,1,1,very_sat,very_high,no,0
4399,0,54003,0,0,391176,393,1,14,unsat,little,actively_looking_into_it,0
18669,1,106215,46,65,565472,880,4,2,very_unsat,little,considering,0
16181,0,114424,65,0,937907,895,5,1,unsat,avg,considering,1
15356,1,33193,225,11,297995,219,19,5,very_unsat,little,actively_looking_into_it,1
5901,1,84872,0,7,793552,346,1,8,very_sat,very_high,no,0
14968,1,73074,0,52,524928,308,0,1,very_unsat,high,considering,1
11426,0,131284,90,0,585436,524,5,13,very_sat,little,no,1
10950,0,90787,0,46,459066,312,0,2,very_unsat,little,considering,0
5562,0,30013,179,0,213807,244,11,15,very_unsat,very_high,perhaps,1
18307,0,33708,75,19,263664,131,3,4,very_unsat,very_high,actively_looking_into_it,0
15338,0,45076,188,81,779841,226,5,1,sat,very_little,actively_looking_into_it,0
7285,1,73590,190,0,274473,393,13,14,unsat,high,considering,1
3263,0,92610,82,0,193312,560,5,10,sat,little,no,0
19619,0,146096,190,26,627806,819,13,1,avg,little,no,1
12649,0,70113,0,22,483136,291,0,5,unsat,very_high,actively_looking_into_it,0
14129,1,33558,0,9,482998,173,0,5,very_unsat,very_little,actively_looking_into_it,0
10606,0,55865,0,7,356901,392,1,5,very_sat,little,considering,0
3525,1,154277,60,63,515626,437,4,1,very_unsat,very_little,considering,0
6857,1,90767,238,7,172224,318,0,4,sat,very_high,perhaps,1
18398,0,35303,232,0,462628,142,23,14,very_sat,very_little,actively_looking_into_it,0
15521,1,43734,58,0,843211,145,3,9,very_unsat,very_high,considering,0
19479,0,41696,226,59,996119,234,1,1,unsat,avg,considering,0
15296,0,35470,77,0,452221,158,3,9,avg,little,actively_looking_into_it,0
2090,1,149932,0,0,520262,867,1,14,very_sat,very_high,no,1
17146,1,117909,0,84,292771,774,0,13,very_sat,very_little,actively_looking_into_it,0
10900,0,47411,193,0,452907,238,17,13,unsat,very_little,considering,1
14752,1,128114,63,53,242061,522,4,1,very_unsat,little,considering,0
364,1,84822,71,9,179746,306,0,6,avg,little,considering,1
10259,0,72242,0,40,953990,334,1,2,very_sat,very_high,no,0
11781,1,53346,26,0,279323,262,5,10,very_unsat,little,no,1
7209,0,82821,0,0,191002,265,1,10,avg,little,considering,0
1441,0,145346,52,0,894660,834,4,15,unsat,very_high,never_thought,0
18082,1,27081,225,33,516331,185,4,2,very_sat,very_little,actively_looking_into_it,0
5593,1,114569,0,11,236660,846,1,5,unsat,high,considering,0
2854,0,24310,42,9,637102,224,5,5,sat,high,considering,0
6367,0,39662,198,21,295689,207,20,4,very_unsat,very_little,actively_looking_into_it,1
4621,1,50605,0,44,286997,287,1,1,very_unsat,high,considering,1
4396,0,46273,165,43,187382,180,19,2,very_unsat,little,never_thought,1
4105,1,137770,150,28,531551,274,13,4,very_unsat,little,actively_looking_into_it,1
17837,1,72584,0,14,371954,375,1,11,very_unsat,little,perhaps,0
15597,1,86755,0,0,284822,384,26,14,very_sat,high,never_thought,1
2856,1,102568,45,0,792175,593,1,1,unsat,little,considering,0
312,1,92719,210,20,190563,395,5,4,very_sat,very_high,actively_looking_into_it,1
16140,1,106312,33,0,437850,877,4,2,unsat,high,considering,0
13905,1,49554,49,15,886784,224,3,2,very_unsat,little,actively_looking_into_it,1
12747,1,25353,200,0,975702,232,19,11,very_unsat,avg,considering,0
622,1,66784,70,0,579010,387,4,11,very_unsat,little,considering,1
15782,1,27619,69,0,751375,164,5,9,very_sat,very_high,considering,1
9615,1,87351,59,62,855000,550,0,2,very_sat,very_little,considering,0
18309,1,149607,0,15,255580,836,0,2,very_unsat,little,never_thought,0
17611,1,28441,47,0,928975,147,5,11,avg,little,no,0
10455,0,23965,40,30,971976,145,4,1,unsat,very_little,considering,0
10022,0,59042,173,13,194938,211,24,6,very_unsat,very_high,never_thought,1
3306,0,133695,69,0,910584,614,4,12,very_unsat,very_little,considering,1
10868,1,90398,244,54,925610,372,11,1,unsat,very_high,no,0
12042,0,47802,56,0,175327,195,4,10,unsat,very_high,considering,0
13249,1,148135,64,0,352467,601,3,1,very_unsat,very_little,actively_looking_into_it,1
18515,0,39740,0,0,410967,154,0,12,unsat,little,considering,1
389,0,85230,62,0,200147,704,5,8,very_unsat,high,considering,1
450,1,149365,0,87,578205,623,0,1,unsat,high,no,0
3384,1,27730,193,24,594202,171,26,4,sat,very_high,no,0
4128,1,98420,0,0,173344,381,1,12,avg,high,considering,0
9731,1,94402,0,22,869889,341,0,6,very_sat,avg,considering,1
17707,0,48023,0,0,235924,137,0,14,avg,very_high,never_thought,0
8086,1,150428,0,69,923634,894,0,2,very_sat,high,considering,0
8495,0,133550,34,59,466834,763,3,2,very_unsat,little,never_thought,0
1732,0,97424,50,5,616663,265,27,2,unsat,avg,actively_looking_into_it,0
7628,1,99487,228,8,262494,367,28,2,very_unsat,little,considering,1
1348,0,82607,184,0,344118,367,11,15,very_sat,little,considering,1
13268,0,71512,196,0,532545,326,24,9,very_sat,little,actively_looking_into_it,1
7235,1,31833,229,6,816691,819,23,5,unsat,little,actively_looking_into_it,0
14341,1,145146,81,83,403095,510,0,4,avg,very_high,perhaps,1
2897,1,47645,80,0,958522,148,4,5,very_unsat,very_high,considering,1
11723,1,159186,0,53,896416,808,0,2,very_unsat,very_little,no,0
1745,0,55941,211,14,668201,335,22,6,very_unsat,high,considering,0
8991,0,131382,74,35,220050,765,5,1,very_sat,little,never_thought,1
19839,0,111988,215,0,164315,643,27,8,very_unsat,very_high,no,1
16413,1,137834,269,20,601190,713,27,5,very_sat,high,considering,1
12494,0,47634,0,5,445751,238,1,4,very_sat,very_high,actively_looking_into_it,0
19789,0,94669,67,9,257263,305,3,6,unsat,very_high,actively_looking_into_it,1
14183,0,58474,206,78,972882,259,21,1,unsat,very_little,considering,0
12844,0,57708,62,57,885260,384,0,2,very_sat,very_little,no,1
10026,1,135674,55,46,357632,629,5,2,unsat,very_high,no,1
13533,1,42927,0,33,464511,177,1,1,very_unsat,very_high,no,1
9590,1,68858,62,0,524927,232,4,11,very_unsat,very_high,actively_looking_into_it,1
5856,0,69483,233,7,659531,267,19,4,unsat,high,actively_looking_into_it,1
8881,1,23306,43,0,299688,237,5,5,very_unsat,little,considering,0
18340,1,96762,150,9,745246,324,27,5,very_sat,very_high,actively_looking_into_it,0
7719,1,72435,0,33,186444,267,1,4,very_unsat,very_little,no,1
6805,0,78276,0,5,857738,650,1,4,avg,little,no,0
6400,1,49438,0,69,965407,247,0,1,unsat,very_high,considering,0
16269,1,95837,0,13,847864,283,0,6,sat,very_high,no,0
13930,1,32457,0,24,238016,278,0,6,very_sat,very_high,considering,0
7656,0,118249,46,38,626929,874,5,1,very_sat,very_high,actively_looking_into_it,1
1459,1,48573,227,0,610346,144,11,10,very_unsat,high,actively_looking_into_it,0
11275,1,55039,57,0,731740,317,5,15,sat,little,considering,0
12273,0,68797,52,0,680078,326,4,11,very_sat,very_high,never_thought,0
14029,0,89547,184,0,267574,283,21,11,very_sat,high,never_thought,1
16985,0,38186,240,54,651250,133,26,2,very_unsat,very_high,actively_looking_into_it,0
7835,0,41094,41,63,222549,586,4,1,unsat,very_high,considering,1
5965,1,68432,198,15,271441,323,26,4,very_sat,very_little,considering,0
1572,0,147252,77,82,461179,534,4,2,unsat,very_high,no,1
15088,1,140078,0,18,284312,593,1,5,avg,very_high,actively_looking_into_it,0
53,0,79672,198,27,459549,336,26,1,very_unsat,little,actively_looking_into_it,1
6181,1,46636,0,0,262816,172,1,8,very_unsat,little,actively_looking_into_it,0
1454,1,105359,0,0,193481,214,1,13,very_sat,high,considering,0
10482,0,68302,62,75,247138,309,12,1,unsat,very_high,considering,0
14708,1,20602,0,0,658441,159,1,1,sat,very_high,considering,0
12116,1,137975,79,62,592603,355,3,13,very_sat,very_little,considering,1
1760,0,48371,0,9,358938,226,1,4,very_sat,very_high,considering,0
18159,0,66805,62,0,164844,312,4,12,very_sat,very_little,no,0
12756,0,136061,126,0,669011,887,26,15,unsat,little,perhaps,0
14969,1,130288,0,34,331266,717,0,2,very_unsat,little,considering,0
11032,0,70889,179,80,619384,321,14,1,very_unsat,avg,no,0
2496,0,157167,0,0,154207,616,1,2,very_sat,very_little,actively_looking_into_it,0
11153,0,28169,208,43,249500,853,24,12,very_sat,very_high,never_thought,1
14672,0,55556,0,0,398230,346,0,9,very_unsat,little,actively_looking_into_it,0
13692,0,42511,200,9,605232,209,19,5,sat,very_little,actively_looking_into_it,0
11376,0,67111,54,20,300306,268,3,4,unsat,very_high,never_thought,1
4825,1,31428,0,0,410952,213,1,10,very_unsat,very_high,no,0
19591,0,109465,0,6,549271,317,0,14,very_unsat,very_little,perhaps,0
10779,1,29609,247,23,540507,143,11,6,very_sat,little,no,1
413,1,108224,0,46,498937,780,1,1,sat,very_high,perhaps,1
8339,1,58739,0,0,950485,311,1,10,very_sat,very_high,considering,0
8244,0,114698,0,0,606656,444,19,8,sat,little,no,0
2702,1,37146,217,24,943259,131,26,6,unsat,avg,no,0
1634,1,34186,92,0,689590,191,4,6,very_unsat,very_high,considering,0
12388,1,27601,64,0,928539,231,5,15,very_sat,very_high,considering,1
802,1,37683,197,0,229932,174,27,14,very_unsat,high,actively_looking_into_it,1
16412,0,72963,85,0,624187,352,5,5,very_unsat,little,actively_looking_into_it,0
19858,0,149052,0,5,940376,527,0,2,very_unsat,very_little,considering,0
10244,1,76842,212,11,502395,352,18,6,very_sat,very_little,actively_looking_into_it,0
16793,1,76483,162,0,383393,368,3,14,very_unsat,very_little,considering,1
12835,1,40413,0,68,211430,176,1,1,very_sat,very_little,never_thought,0
10927,0,119518,0,18,219501,741,0,6,very_unsat,very_little,no,0
7566,0,124697,50,0,905489,605,3,10,avg,very_high,actively_looking_into_it,1
19274,1,155729,0,60,666904,777,1,1,very_unsat,very_little,actively_looking_into_it,1
2325,0,95023,0,45,541470,268,0,1,very_unsat,very_little,actively_looking_into_it,0
6987,0,21669,169,88,783173,233,24,1,very_unsat,very_little,considering,0
6025,0,45164,77,89,189004,220,3,2,unsat,very_high,no,1
4218,0,75385,0,33,259750,293,0,2,avg,little,actively_looking_into_it,1
5271,1,99388,0,0,973683,372,0,15,very_sat,little,actively_looking_into_it,0
14960,0,35195,41,22,544400,171,4,5,very_unsat,little,never_thought,0
8185,1,74483,65,0,451580,348,3,12,sat,little,considering,1
16851,0,28372,59,88,314272,197,3,1,unsat,high,perhaps,1
12838,1,36464,231,23,622446,585,29,12,very_unsat,very_high,no,0
11242,1,23564,0,0,275658,136,1,14,very_unsat,high,actively_looking_into_it,0
7883,1,124801,46,62,795572,396,4,2,very_unsat,high,no,0
912,1,47170,58,0,369818,230,3,13,very_unsat,very_high,actively_looking_into_it,0
154,0,130831,203,37,679608,564,13,2,very_unsat,little,considering,1
19536,1,20998,67,84,444478,880,4,1,very_unsat,little,actively_looking_into_it,1
3604,0,65927,58,49,887963,272,4,1,very_unsat,little,considering,0
14001,1,66911,0,0,665426,262,0,14,very_sat,avg,considering,1
15909,1,55850,67,0,475816,487,3,13,very_unsat,very_high,no,0
14661,0,102160,0,77,538033,424,27,2,very_sat,very_high,no,0
1868,0,103450,48,0,279590,677,3,13,very_unsat,little,perhaps,1
9301,0,39729,91,0,822315,226,4,15,sat,avg,considering,0
9545,1,119116,221,0,386368,606,17,13,very_sat,very_little,considering,0
7255,1,25985,0,11,687598,163,0,5,very_unsat,very_high,actively_looking_into_it,0
3326,1,137634,0,40,995717,158,0,1,very_sat,very_little,considering,0
17408,1,21696,165,0,395864,243,13,4,very_sat,little,actively_looking_into_it,1
8299,0,84450,57,0,263562,361,3,2,very_sat,very_little,no,1
15438,0,153754,68,0,258551,597,5,11,unsat,very_little,considering,0
13626,1,138081,140,0,968374,528,18,10,avg,very_high,considering,1
18549,1,51412,0,22,265290,334,1,4,unsat,little,considering,0
13582,0,71696,0,51,701093,322,0,1,avg,little,actively_looking_into_it,0
1979,0,49438,0,0,402351,161,0,11,avg,very_high,actively_looking_into_it,0
19965,1,53284,67,0,634281,259,4,11,very_unsat,avg,actively_looking_into_it,0
16672,0,60301,241,14,791614,330,23,6,avg,very_high,no,0
213,1,45703,172,11,427037,145,15,6,very_unsat,very_high,considering,1
17081,0,38418,193,69,172604,162,24,2,avg,little,considering,1
18312,0,50213,86,0,254085,256,5,9,very_sat,avg,considering,0
17579,0,32558,180,71,760068,139,15,1,unsat,little,never_thought,0
13784,0,28751,0,19,265612,152,23,5,very_sat,little,no,0
13572,1,121063,0,20,674040,322,1,5,very_unsat,very_high,actively_looking_into_it,0
1377,0,76713,0,19,356309,264,0,4,avg,high,considering,0
12603,0,147823,79,19,192273,523,5,4,very_unsat,very_high,never_thought,1
10609,0,98006,59,34,512974,378,4,2,very_unsat,very_high,actively_looking_into_it,1
19352,0,44180,0,0,941603,165,25,10,very_sat,very_little,no,0
2111,0,151774,0,0,465966,765,1,8,very_unsat,little,actively_looking_into_it,0
7308,0,141597,236,54,434961,684,18,2,avg,little,no,0
11865,1,30398,214,20,494498,213,16,6,very_unsat,little,actively_looking_into_it,0
2866,0,40727,0,55,238136,136,1,2,unsat,little,never_thought,0
10650,1,25625,60,0,293295,228,4,10,very_sat,little,no,1
5870,1,115123,240,60,844480,610,17,1,unsat,very_little,considering,1
16614,0,138282,203,55,154933,410,22,2,very_unsat,little,perhaps,1
7859,1,50233,0,21,172116,360,1,4,unsat,high,considering,0
18476,1,131139,85,0,884113,899,4,15,very_unsat,little,actively_looking_into_it,0
672,0,74745,0,39,872711,265,21,2,sat,very_high,considering,0
14238,1,86440,44,12,188892,151,1,4,very_sat,little,actively_looking_into_it,0
19616,1,89370,78,13,266922,344,4,5,unsat,avg,perhaps,1
5192,1,94617,69,60,338344,333,24,2,unsat,little,actively_looking_into_it,0
2038,1,64895,0,0,797616,311,0,13,unsat,very_high,no,0
11138,0,27121,0,0,460015,235,1,4,avg,little,considering,0
4648,1,53052,0,28,881290,259,1,1,unsat,little,no,0
12411,1,54128,186,85,237829,291,25,1,very_sat,high,considering,0
8692,0,133422,136,49,942353,618,27,1,unsat,high,considering,0
2332,0,73824,96,71,875007,399,5,2,sat,avg,actively_looking_into_it,0
16462,0,140476,47,20,811316,713,5,6,very_unsat,very_little,considering,0
385,0,62488,77,24,625717,278,5,9,very_unsat,very_high,considering,0
19955,1,64126,0,0,996624,278,0,11,very_unsat,little,no,0
9403,1,83192,239,18,176544,166,18,6,sat,high,actively_looking_into_it,1
8708,0,142825,66,21,489964,643,27,4,very_unsat,little,actively_looking_into_it,1
2189,0,126958,0,20,592059,570,1,4,unsat,little,no,0
5079,0,46924,0,13,781356,180,0,4,very_unsat,little,actively_looking_into_it,0
5219,0,43846,0,81,686485,211,1,2,very_sat,very_high,perhaps,0
19077,1,68736,77,86,802759,353,3,1,unsat,little,considering,0
11515,1,157543,209,10,272756,862,3,5,unsat,very_high,perhaps,1
7451,1,141153,243,0,167140,756,17,13,very_unsat,very_high,no,1
15395,0,36987,0,16,301098,137,0,4,very_sat,very_little,considering,0
2786,1,130808,188,0,666107,739,14,9,very_sat,little,considering,1
3055,1,86915,204,0,280139,340,5,6,very_unsat,little,perhaps,1
17807,0,57709,0,0,344547,290,1,8,very_unsat,avg,considering,1
10453,0,134229,59,0,732654,798,5,14,very_unsat,high,actively_looking_into_it,0
19728,1,68235,115,36,571306,377,20,2,very_sat,little,considering,1
548,0,30712,0,5,750197,220,0,4,avg,very_high,actively_looking_into_it,0
8322,0,119877,89,15,261640,550,4,5,very_sat,very_high,actively_looking_into_it,1
18273,1,28969,167,8,411618,216,14,5,very_unsat,high,considering,1
18174,1,121675,0,5,219623,844,0,4,very_sat,avg,no,0
2039,0,59490,210,5,271375,862,16,6,very_unsat,little,actively_looking_into_it,1
3557,1,25502,210,12,151103,532,13,5,very_sat,little,actively_looking_into_it,1
7455,0,31467,52,0,419862,169,4,2,very_unsat,avg,considering,1
11339,1,156695,0,7,328459,532,21,4,unsat,little,no,0
5220,0,125364,0,19,179098,829,0,4,very_sat,very_little,considering,1
1241,1,125021,183,15,190513,691,15,6,very_unsat,very_little,considering,1
11948,0,21526,201,0,273947,184,17,14,very_unsat,very_high,considering,1
11867,0,55025,0,75,403891,299,1,2,sat,little,no,0
15453,1,43801,0,63,808806,206,1,1,very_sat,very_high,no,1
8325,1,45884,80,89,419885,165,5,2,very_unsat,very_high,actively_looking_into_it,1
1659,0,20048,169,32,540482,151,20,2,unsat,very_high,considering,1
18413,1,112356,0,0,928751,567,29,4,unsat,high,considering,0
13538,1,20995,0,65,823455,135,1,2,very_sat,little,no,0
1195,1,148739,210,16,309014,521,14,4,very_sat,high,considering,1
4151,1,67285,220,6,228821,351,25,5,very_unsat,high,actively_looking_into_it,1
5781,0,60534,166,69,676959,374,21,2,very_unsat,very_high,considering,0
9804,0,139125,69,15,158537,360,4,6,very_unsat,little,considering,1
5570,1,124498,0,0,368500,501,0,12,very_unsat,very_high,actively_looking_into_it,0
9087,0,150837,37,0,570171,755,4,4,unsat,very_little,considering,0
7101,0,100736,222,0,878462,556,20,9,very_sat,very_high,considering,1
16267,1,66329,166,0,549879,340,27,14,unsat,very_high,never_thought,1
3696,0,84617,229,35,230002,333,19,1,very_unsat,very_high,actively_looking_into_it,1
16184,1,35701,213,42,968928,246,18,1,very_unsat,avg,no,0
3982,1,68977,185,66,626033,311,29,2,unsat,little,never_thought,1
12863,0,38757,250,16,177435,194,22,10,very_unsat,high,considering,1
4108,0,34484,0,25,689104,152,1,2,very_sat,very_high,considering,1
19999,0,78674,47,41,572406,288,4,2,very_unsat,little,considering,1
9238,1,134642,63,7,203650,555,3,5,very_unsat,little,actively_looking_into_it,1
7529,0,143675,53,0,618022,628,4,15,unsat,little,never_thought,1
16512,1,147479,0,22,295903,768,1,5,unsat,little,actively_looking_into_it,0
8521,1,29989,0,0,870780,822,0,14,very_unsat,high,never_thought,0
2095,1,74805,65,55,274942,306,5,2,very_sat,very_high,perhaps,1
7202,1,39696,43,0,414100,246,5,14,very_unsat,little,considering,0
4427,1,68825,0,0,983421,389,0,12,very_unsat,very_high,no,0
1497,1,21530,72,11,711570,153,3,5,very_unsat,very_little,considering,0
1738,1,23777,62,71,188028,175,5,1,unsat,very_little,no,1
9860,0,129024,69,0,891967,424,5,10,unsat,very_little,never_thought,1
17871,1,27423,240,0,412659,227,20,2,very_unsat,very_little,never_thought,0
11695,1,130829,0,0,351048,639,1,1,very_sat,very_high,never_thought,0
2327,1,98721,87,0,291560,341,0,4,sat,very_high,never_thought,1
18292,1,45988,46,32,542890,143,5,2,unsat,very_little,actively_looking_into_it,0
8609,0,30643,48,57,642989,229,4,2,unsat,very_high,never_thought,0
12595,0,42794,0,0,214640,529,1,8,very_sat,little,actively_looking_into_it,0
3631,1,71286,0,0,389509,376,1,14,sat,very_high,actively_looking_into_it,1
19775,0,30292,0,78,653223,190,1,2,very_sat,little,actively_looking_into_it,0
14941,0,29027,82,6,230195,166,4,6,unsat,little,perhaps,0
3929,0,150616,43,14,252924,615,5,6,very_unsat,little,considering,0
15388,0,43623,93,67,738192,212,4,1,very_sat,very_high,no,1
9265,0,110056,0,29,191426,465,0,2,very_unsat,very_little,never_thought,1
18284,0,40494,168,0,777858,240,20,12,very_unsat,little,actively_looking_into_it,0
19069,0,110659,226,0,623434,693,23,14,avg,little,considering,1
14203,0,78880,46,6,336514,334,5,6,very_unsat,little,considering,1
1647,1,153731,0,38,280053,759,3,2,very_unsat,very_little,never_thought,1
9229,0,40657,64,79,567012,203,3,2,unsat,very_little,actively_looking_into_it,1
15034,1,21134,231,0,707407,170,25,8,very_unsat,very_high,no,0
11808,0,45484,186,22,894760,293,16,5,avg,very_high,actively_looking_into_it,0
16293,1,89274,66,21,773349,374,4,4,very_unsat,very_little,no,0
7600,0,155545,73,21,507696,448,4,4,unsat,high,actively_looking_into_it,0
18696,1,60688,58,15,952003,396,5,5,very_unsat,very_high,considering,0
5981,0,105095,0,0,196608,429,1,13,very_sat,very_high,no,1
10331,1,122803,181,50,222575,822,20,1,very_sat,very_little,no,1
15380,1,148144,0,0,543988,807,1,11,very_unsat,high,actively_looking_into_it,1
5445,0,140923,0,12,948889,423,0,5,very_unsat,very_high,considering,0
10510,0,48063,193,0,205103,161,20,14,very_unsat,little,no,1
13739,0,49829,0,21,643037,192,1,4,very_sat,little,considering,0
5815,0,21457,215,76,484285,232,29,1,very_sat,little,no,0
6100,1,34886,0,10,744326,138,1,5,very_unsat,very_little,never_thought,1
11847,1,88826,0,0,204327,273,0,14,very_sat,little,considering,1
14737,0,89846,67,63,595736,251,5,2,very_sat,little,actively_looking_into_it,1
9393,1,55409,0,72,364541,302,1,2,very_sat,little,no,0
12932,0,96897,0,0,918261,296,1,9,very_sat,little,considering,0
19415,0,73126,229,0,160470,387,16,11,very_sat,little,considering,1
16138,1,55168,36,0,289979,294,4,5,very_sat,very_little,no,0
3834,0,127737,92,6,899461,520,5,5,unsat,very_high,actively_looking_into_it,1
8197,0,127361,244,57,166851,898,1,1,sat,very_high,considering,0
6187,0,119777,0,0,836643,437,0,13,very_unsat,very_little,no,0
18534,1,141590,69,20,176498,268,4,4,very_sat,high,no,0
17106,0,28427,0,0,480422,190,1,8,unsat,little,considering,1
19258,1,34563,0,18,235049,140,1,4,very_sat,very_little,no,0
19462,0,89259,198,40,173236,381,25,2,sat,little,no,1
6455,0,159237,0,23,714152,493,1,4,very_unsat,little,actively_looking_into_it,0
16366,1,101744,167,17,760805,708,10,5,very_unsat,high,considering,1
15843,1,41588,69,17,153180,148,4,5,unsat,very_high,no,0
11308,0,96398,54,7,960127,658,5,5,avg,little,never_thought,0
18992,0,58146,0,0,267569,281,0,12,very_unsat,little,considering,0
17051,1,43253,66,0,303912,189,5,14,very_unsat,little,considering,1
8758,1,68699,0,0,240498,317,0,11,very_unsat,very_high,actively_looking_into_it,0
12801,0,115097,56,0,510790,814,4,15,avg,little,considering,0
8327,1,114119,42,0,586241,495,4,14,very_unsat,little,actively_looking_into_it,1
15527,0,37324,202,22,237281,245,18,5,unsat,very_little,considering,1
17431,0,56568,183,13,244920,305,10,6,very_unsat,very_high,actively_looking_into_it,0
12744,0,106400,0,14,225952,794,1,4,very_sat,very_little,considering,1
2878,0,115429,0,61,555436,361,0,2,very_sat,very_high,actively_looking_into_it,1
16826,0,40900,0,0,913545,187,1,11,very_sat,little,actively_looking_into_it,0
10941,1,144824,62,0,692558,760,10,14,very_sat,very_high,considering,0
19932,1,97409,0,72,177156,269,1,2,unsat,high,considering,1
71,0,23229,0,64,192175,230,1,1,very_sat,avg,actively_looking_into_it,1
12094,1,31715,0,8,390361,609,15,6,very_sat,very_high,actively_looking_into_it,0
3085,0,113747,178,8,253219,502,24,4,unsat,high,actively_looking_into_it,1
18620,1,90696,48,24,159360,302,3,5,very_sat,very_little,actively_looking_into_it,1
1341,0,126752,65,48,896007,817,3,2,very_unsat,very_high,actively_looking_into_it,0
1883,1,95104,67,42,937708,340,5,2,unsat,very_little,perhaps,0
12938,1,117906,0,62,281586,623,0,1,unsat,very_little,actively_looking_into_it,0
3845,0,93722,204,87,758233,346,11,14,very_sat,little,no,0
3152,1,143029,0,62,477563,810,0,1,very_sat,very_high,considering,0
9703,0,114682,201,17,604307,657,26,5,very_sat,very_little,actively_looking_into_it,1
392,0,148919,53,6,392141,682,5,4,very_sat,little,considering,1
7940,1,116611,230,34,212680,752,1,1,very_unsat,very_high,never_thought,1
2844,1,136133,72,13,731487,585,3,4,very_sat,high,no,1
12789,1,98561,46,45,293976,297,5,2,very_unsat,very_high,no,0
11033,1,114044,37,47,171540,811,1,1,very_unsat,very_little,never_thought,1
16523,0,154149,65,69,874210,435,22,1,unsat,very_high,never_thought,1
14893,1,95371,0,78,309385,370,1,9,sat,very_high,perhaps,0
15651,0,54195,62,0,265956,379,5,14,sat,high,perhaps,1
11675,1,87921,206,15,747545,356,25,5,very_sat,very_high,no,0
19853,0,85404,52,66,226227,352,3,1,unsat,avg,considering,1
2995,1,23616,0,55,394707,217,0,1,unsat,very_high,perhaps,1
17510,1,81815,0,27,500613,300,1,1,very_sat,avg,never_thought,1
14068,0,41363,0,14,592602,455,1,6,very_unsat,high,considering,0
14385,1,36939,212,6,685586,155,12,4,avg,little,considering,0
6148,1,157004,44,0,300652,356,1,15,avg,very_high,never_thought,1
9969,1,148619,62,72,216850,376,3,2,sat,little,considering,1
8286,1,61108,234,6,581175,388,26,6,unsat,very_high,considering,1
1199,1,24509,0,0,181006,167,0,11,very_sat,very_little,actively_looking_into_it,0
5278,1,65794,0,13,157144,296,0,9,very_sat,very_high,no,0
14961,1,126597,62,71,210599,687,5,2,very_sat,very_high,actively_looking_into_it,0
18101,0,107127,207,0,234085,650,18,2,very_sat,little,actively_looking_into_it,1
16375,1,56461,56,71,846499,303,4,1,very_unsat,high,no,0
6217,1,97554,0,0,407304,316,1,13,sat,little,no,0
13198,0,120359,74,11,245872,590,23,4,unsat,very_high,considering,0
13576,1,20100,191,12,740368,196,27,4,very_unsat,very_little,perhaps,1
1596,0,43007,237,86,925551,158,16,2,very_unsat,high,considering,0
15078,1,57616,0,58,860859,379,3,1,very_unsat,very_little,no,1
13696,1,92993,235,0,653453,357,24,9,unsat,little,never_thought,1
7350,1,24798,61,0,287789,184,3,10,very_unsat,little,no,1
3012,1,119636,0,21,380874,414,1,5,very_sat,little,perhaps,0
6151,1,32519,34,55,325521,196,5,1,very_unsat,little,considering,0
3581,1,107357,86,0,365969,686,3,5,very_unsat,very_high,no,1
10085,1,35955,0,0,251206,150,1,4,very_unsat,very_high,considering,0
4426,0,92450,66,12,272394,370,5,5,unsat,very_high,considering,0
5191,0,115748,0,21,564231,584,0,2,unsat,little,no,1
18139,1,45906,0,10,557002,176,0,5,unsat,very_high,considering,0
12727,0,83608,73,20,248215,311,3,5,very_unsat,little,no,0
6981,1,99723,0,16,806796,381,0,5,very_unsat,very_high,no,0
4958,0,130427,0,16,766227,891,1,5,very_sat,little,considering,1
11191,1,142221,233,69,160194,847,10,1,avg,little,considering,1
19924,1,37063,61,0,293118,177,5,9,very_sat,very_high,actively_looking_into_it,1
1736,1,124440,0,60,576808,879,1,10,very_unsat,little,considering,0
12039,0,22281,61,28,301097,134,3,6,very_unsat,very_little,considering,1
957,0,106174,0,0,973307,820,1,9,very_unsat,very_little,actively_looking_into_it,1
4490,0,52137,248,14,926548,267,28,6,very_unsat,very_high,actively_looking_into_it,0
15114,1,35795,0,0,334051,190,0,13,very_sat,little,considering,1
4326,0,64954,168,9,991551,322,22,5,avg,little,considering,0
16239,1,100943,42,27,233648,512,4,1,unsat,very_little,considering,1
2906,1,31681,205,11,685478,642,10,6,very_unsat,very_little,considering,0
2120,0,114355,77,23,182926,529,3,5,very_unsat,very_high,considering,1
5591,1,71880,85,0,206486,297,4,9,unsat,little,considering,1
18588,1,105804,0,76,894038,693,0,2,very_unsat,high,actively_looking_into_it,0
17016,0,87784,0,18,218957,294,1,4,very_unsat,little,perhaps,0
1831,0,23994,191,17,242212,236,10,5,sat,high,never_thought,0
6039,0,51887,63,0,336945,366,0,13,very_unsat,very_little,no,1
4775,1,62029,214,0,616643,375,11,9,very_unsat,very_high,perhaps,0
18928,0,29161,54,87,364630,608,4,2,very_unsat,very_little,considering,0
10682,1,143517,51,12,702579,579,5,10,very_unsat,very_high,actively_looking_into_it,0
3490,1,133220,229,80,282387,456,13,13,very_unsat,very_high,no,1
18428,0,57851,167,18,265498,313,0,4,very_unsat,very_high,no,1
8694,1,151503,43,85,273833,756,5,1,very_sat,very_high,no,1
17544,1,25161,59,0,478153,142,5,9,very_unsat,little,considering,0
12772,1,42333,52,19,254382,132,13,4,very_unsat,very_high,no,1
18637,0,39886,201,19,456881,245,10,5,sat,little,considering,0
1236,0,34716,194,0,264677,449,23,8,very_unsat,high,considering,0
2147,0,53081,0,0,299546,288,1,15,unsat,avg,actively_looking_into_it,0
15200,0,21999,36,17,879201,152,3,14,sat,little,actively_looking_into_it,0
5449,0,107983,197,0,196471,826,29,8,very_unsat,very_high,no,1
1261,1,53292,233,0,230768,328,24,10,unsat,little,never_thought,1
4823,1,85285,65,79,340458,389,5,2,very_sat,little,no,1
15752,1,58226,37,18,455250,312,0,4,very_sat,very_high,actively_looking_into_it,0
9364,1,99376,218,0,310989,297,26,14,very_sat,very_high,considering,0
9412,1,50778,0,27,241070,318,0,1,unsat,little,considering,0
17921,1,45657,62,37,573377,249,3,1,very_unsat,little,never_thought,1
15108,0,33507,188,83,849525,238,17,1,avg,little,no,0
18675,1,86275,0,5,268483,264,1,6,very_sat,high,considering,0
12220,1,111255,73,9,517732,392,5,6,very_unsat,very_high,no,1
8538,0,97515,94,0,165024,370,4,8,avg,very_high,considering,0
754,0,45356,73,5,256935,170,24,5,very_unsat,very_high,actively_looking_into_it,1
18968,0,67219,58,60,175861,335,4,2,unsat,very_high,considering,1
16225,0,68972,162,0,347667,390,0,10,very_unsat,little,considering,1
5765,1,123444,215,0,371919,754,20,9,very_sat,very_high,actively_looking_into_it,1
3300,0,109675,172,0,567813,864,29,15,very_sat,little,no,1
6760,0,61658,197,83,162134,291,4,2,unsat,little,never_thought,1
2364,0,59656,245,0,704069,362,19,15,very_sat,high,actively_looking_into_it,0
1927,1,114146,50,0,653752,502,5,15,avg,very_high,actively_looking_into_it,1
12071,0,34741,72,16,513913,139,3,5,very_unsat,very_high,considering,0
19299,0,58732,79,24,180495,320,3,5,very_unsat,very_little,no,0
8108,1,87517,0,0,619921,320,0,10,very_unsat,high,considering,1
3126,1,42844,0,22,262661,197,0,6,very_sat,little,considering,0
1549,0,29932,156,0,292458,244,25,4,very_unsat,very_little,considering,1
5621,1,131466,49,10,323414,880,5,4,unsat,very_high,considering,1
7836,1,27858,240,0,599014,711,21,13,avg,little,considering,0
17466,0,37642,244,26,462917,758,22,1,very_unsat,very_high,considering,1
980,1,77951,0,19,184399,659,1,11,very_unsat,little,no,0
12972,0,26011,203,10,176665,200,22,4,very_unsat,little,no,1
17594,0,117219,238,15,185725,672,26,6,very_unsat,little,actively_looking_into_it,0
6441,0,114931,0,72,441233,617,0,1,very_unsat,very_high,considering,1
4440,0,28599,206,0,879781,178,1,1,unsat,very_little,considering,0
14013,1,132168,61,54,944181,525,17,2,very_sat,very_little,considering,0
16559,0,32694,0,10,285449,227,1,4,very_unsat,little,considering,0
16242,0,49386,0,78,153808,241,0,2,unsat,very_high,considering,1
2357,0,64521,178,27,393265,354,26,2,very_sat,very_little,actively_looking_into_it,1
19199,1,102286,183,0,469981,525,14,13,unsat,little,perhaps,1
16323,0,106598,41,22,215059,889,3,6,very_sat,very_high,perhaps,0
4464,0,30810,0,28,188106,159,1,15,unsat,very_little,considering,0
8913,1,125550,198,29,524405,756,10,1,very_sat,little,considering,1
2134,0,40137,206,87,937958,239,24,2,very_unsat,little,actively_looking_into_it,0
17617,1,157227,157,0,464724,738,25,10,very_sat,very_high,considering,0
17294,1,59308,69,21,288796,344,5,5,very_unsat,little,never_thought,1
5668,1,82405,77,0,880589,303,4,9,unsat,little,actively_looking_into_it,0
15382,0,26734,0,0,178968,144,0,9,very_unsat,little,actively_looking_into_it,1
8266,0,146188,0,0,545160,634,4,15,sat,very_little,considering,0
1022,0,49640,197,51,400846,234,25,6,very_unsat,little,considering,1
6046,0,69579,69,16,521336,372,5,4,very_unsat,very_high,considering,0
9176,1,88809,189,16,168218,186,18,6,unsat,high,considering,1
16867,1,108394,92,18,573710,685,5,15,very_unsat,little,considering,1
16656,1,70617,0,19,411964,350,4,11,very_unsat,little,considering,0
9308,0,25051,0,16,267113,140,3,2,very_sat,very_high,considering,0
2392,1,104983,54,6,919670,664,4,6,very_unsat,little,considering,0
6078,0,46441,0,0,508009,200,1,15,very_unsat,very_little,no,1
14955,0,111757,193,0,625435,798,25,9,very_sat,little,no,1
6249,1,124571,84,18,462701,159,5,4,unsat,very_little,never_thought,1
4139,0,148177,59,13,769042,855,5,6,very_sat,little,considering,1
3338,1,117278,170,0,258222,410,1,14,very_unsat,little,no,1
16481,0,110392,54,0,515338,861,5,15,very_unsat,very_little,considering,1
3798,0,40646,169,71,772903,146,24,2,very_unsat,little,considering,1
1288,0,20115,0,54,350286,245,0,2,unsat,little,no,1
3628,1,42393,248,0,183465,210,21,11,very_sat,little,considering,1
6732,0,74714,196,0,377806,334,23,13,very_unsat,high,actively_looking_into_it,1
3303,1,33984,0,76,725299,207,1,2,very_unsat,very_little,no,0
12568,0,153042,18,14,308058,563,5,12,very_unsat,little,considering,1
13451,1,23714,77,28,518739,200,4,1,sat,very_little,actively_looking_into_it,1
9580,1,134649,221,48,904037,783,14,2,very_sat,very_little,actively_looking_into_it,1
4860,0,108171,185,0,626283,617,29,11,sat,very_little,considering,1
11927,0,21401,230,8,267452,182,10,5,very_unsat,very_high,no,1
7317,0,61269,70,74,581180,308,5,1,very_sat,very_little,never_thought,1
15142,0,60000,0,73,740013,388,0,1,sat,avg,perhaps,0
13151,0,133615,175,0,194450,223,15,13,unsat,little,considering,1
19194,0,152708,52,89,169327,424,3,2,very_unsat,very_little,considering,1
16192,1,54030,166,64,480973,264,0,2,very_unsat,high,no,1
10008,0,54083,69,21,425278,340,4,5,unsat,very_high,considering,0
18282,0,48257,184,0,270309,230,15,15,very_unsat,little,considering,1
19671,1,77029,77,32,152254,312,5,1,unsat,little,considering,1
2424,1,110682,49,0,515082,838,3,2,avg,little,never_thought,1
13314,1,58564,0,0,294944,375,0,15,very_unsat,little,considering,1
4997,0,157747,55,60,428911,685,3,4,very_unsat,little,considering,1
8496,1,55481,64,0,434201,391,5,10,very_sat,very_high,considering,1
76,1,100800,215,0,188219,859,10,12,sat,avg,never_thought,1
5550,0,110096,209,30,497119,784,22,2,very_sat,very_high,considering,1
16491,0,39553,43,20,648462,225,4,5,very_sat,little,considering,0
9966,1,26278,68,5,366223,215,3,4,very_unsat,very_little,considering,1
12976,1,106937,212,23,321651,468,19,6,unsat,little,actively_looking_into_it,1
16483,1,56274,194,0,813173,398,12,9,very_unsat,very_high,actively_looking_into_it,1
19191,0,120569,0,23,349081,876,1,4,unsat,high,no,0
11971,1,21906,209,49,441115,211,28,1,unsat,very_little,actively_looking_into_it,1
19446,0,20490,194,0,279930,180,15,15,very_sat,very_high,actively_looking_into_it,1
13356,0,130347,70,74,278961,808,5,1,very_unsat,little,considering,1
9779,1,40931,52,86,499695,160,4,2,very_unsat,little,considering,1
13116,0,83080,0,29,243908,372,0,2,avg,very_high,considering,1
8970,0,28145,189,0,830626,247,12,14,very_unsat,little,considering,0
19235,0,33147,183,46,929291,228,23,1,very_unsat,high,actively_looking_into_it,0
4552,0,102383,212,32,178458,872,22,4,very_unsat,very_little,considering,1
2000,1,28997,42,22,896008,242,5,5,very_unsat,very_high,perhaps,0
4849,1,157620,0,17,290153,566,0,5,very_sat,very_high,no,1
1801,0,32531,0,0,418724,191,1,1,very_sat,little,considering,1
7414,0,53811,185,9,581534,304,19,2,very_unsat,very_high,no,1
16280,1,46099,192,38,785513,233,22,2,very_unsat,little,actively_looking_into_it,0
8964,0,71570,187,46,208122,319,24,2,sat,little,considering,1
14134,0,143250,48,0,863838,850,4,12,very_unsat,very_little,no,1
3703,0,28669,74,15,863912,200,3,5,very_sat,little,no,0
11009,0,113583,230,65,737169,870,21,1,very_unsat,very_high,never_thought,1
11385,0,146939,0,65,896009,414,1,2,unsat,little,considering,1
13856,1,46156,231,0,471948,225,11,10,avg,very_high,no,1
248,0,49897,0,16,361467,222,0,4,very_sat,very_high,considering,0
2198,1,98180,0,28,224305,310,1,1,very_unsat,very_high,considering,1
8666,0,46009,59,51,894443,201,4,2,very_unsat,little,no,0
19933,0,113692,232,48,617338,506,27,2,sat,avg,considering,1
8259,1,38841,59,68,737175,233,4,1,unsat,little,considering,1
16585,1,75515,209,19,440188,160,1,1,very_sat,high,never_thought,1
5528,0,84521,47,13,374267,281,3,1,very_unsat,high,no,0
740,0,30795,0,0,544185,199,1,9,very_unsat,very_high,actively_looking_into_it,1
15545,1,80505,0,12,252193,385,16,6,very_sat,very_little,considering,0
16757,1,41799,76,0,533835,205,4,10,avg,high,considering,1
4203,0,118981,49,0,926815,666,4,13,unsat,very_high,considering,0
13441,0,39158,150,0,584974,218,22,12,very_unsat,very_little,no,1
14489,0,60980,178,78,609953,343,17,2,unsat,very_high,no,0
9216,1,107633,75,0,878253,894,5,13,very_unsat,little,perhaps,0
4207,0,101965,48,9,476432,659,4,6,very_unsat,little,no,1
15013,0,85709,0,0,234005,351,0,14,unsat,very_high,considering,0
2539,1,130964,40,0,409275,867,3,12,very_unsat,high,actively_looking_into_it,0
15416,1,92665,186,0,462181,265,25,10,very_unsat,avg,no,1
14746,0,110587,0,77,295428,696,1,2,very_unsat,little,considering,0
14840,0,86580,58,0,537345,343,3,10,avg,high,no,1
10119,1,74098,34,8,445875,835,4,5,sat,avg,considering,0
12515,0,89058,0,8,286757,172,0,4,avg,very_little,actively_looking_into_it,1
14979,0,65099,264,0,583720,828,27,12,avg,little,considering,1
4060,0,44449,0,24,167264,151,0,2,very_sat,very_high,considering,0
1087,1,133217,0,47,179107,619,0,2,avg,very_high,perhaps,0
12922,1,53423,163,31,179954,264,0,8,unsat,high,considering,1
8519,1,31731,75,23,700125,170,3,4,very_sat,little,never_thought,0
4111,0,52970,190,0,305756,380,12,10,unsat,little,considering,0
12521,0,154749,206,27,523676,652,17,1,avg,little,perhaps,0
17933,1,81431,69,24,386640,370,3,5,very_unsat,little,never_thought,0
14870,1,20024,243,50,741348,222,22,2,very_unsat,little,actively_looking_into_it,1
19269,0,40377,52,20,882329,350,5,5,very_sat,high,considering,0
5067,1,38481,213,34,251388,219,25,6,very_unsat,very_little,considering,1
2968,1,122366,53,49,919562,779,5,1,avg,avg,never_thought,0
7831,0,37478,0,35,822559,209,0,1,very_unsat,little,considering,0
7978,1,120643,69,39,188380,732,3,2,very_sat,avg,considering,1
3487,0,153282,52,0,776299,652,4,9,very_unsat,very_high,perhaps,0
3022,0,40299,51,37,392487,186,4,12,very_unsat,little,perhaps,1
8426,0,128457,214,5,617146,764,15,6,very_unsat,very_little,no,1
9163,0,35356,160,45,818771,214,27,2,very_sat,very_high,considering,0
14890,1,43771,192,60,964804,177,18,2,sat,little,perhaps,0
3043,1,140208,184,15,492729,400,17,14,very_sat,little,no,1
18532,0,21490,0,14,627191,247,1,5,very_sat,very_little,never_thought,0
19770,1,88245,0,0,779515,164,1,14,very_unsat,little,considering,0
17890,0,53308,0,38,155889,254,1,2,avg,very_little,considering,1
1544,0,144970,81,21,187538,648,3,6,avg,very_little,considering,1
16332,0,95309,0,16,198817,265,1,1,very_unsat,very_little,considering,0
7645,1,54663,221,21,157911,342,20,5,very_unsat,very_little,actively_looking_into_it,1
15426,1,96345,206,6,300261,346,11,6,very_unsat,high,considering,1
4152,1,24086,193,62,218721,305,21,2,very_unsat,very_high,no,1
3789,0,137737,257,0,980811,605,22,10,very_unsat,very_high,actively_looking_into_it,1
18261,1,53457,56,78,282838,250,3,2,very_unsat,very_high,no,1
12907,0,99264,73,38,861653,277,4,1,unsat,very_high,considering,1
5512,1,49772,0,0,297517,168,1,14,very_unsat,very_little,no,1
16156,0,123831,161,44,263761,721,23,2,avg,very_little,never_thought,1
804,0,150930,0,0,221740,625,1,9,unsat,avg,considering,1
3297,1,112048,68,74,224364,262,5,2,avg,high,actively_looking_into_it,0
16145,0,102382,200,0,228314,867,28,1,very_sat,little,actively_looking_into_it,1
15713,0,88841,0,34,178903,375,0,2,very_sat,very_high,actively_looking_into_it,1
3673,1,24817,199,28,909728,760,13,1,very_unsat,very_little,considering,0
10866,1,70284,59,0,946575,301,3,15,unsat,little,perhaps,0
17567,1,145049,0,23,736075,777,0,4,sat,little,considering,0
16349,1,33803,0,26,364981,146,1,1,very_sat,very_high,considering,1
6755,0,141098,0,0,297866,605,1,14,very_sat,very_high,considering,0
11117,1,70278,191,39,755754,327,27,2,very_sat,very_high,considering,0
11425,1,147783,0,0,250466,846,0,12,very_unsat,avg,actively_looking_into_it,0
9738,1,107505,183,32,342258,303,20,4,very_unsat,little,considering,1
5839,0,80749,44,45,452522,396,0,9,very_unsat,little,no,1
19983,0,95390,68,11,461117,485,3,4,very_sat,very_high,actively_looking_into_it,0
19652,0,109016,197,0,221952,688,24,2,very_sat,little,considering,1
6434,0,77642,42,43,210752,274,0,1,avg,little,no,0
19306,1,107671,181,25,746796,797,24,2,very_sat,very_little,no,1
1407,1,116991,0,82,321280,637,1,2,very_unsat,very_little,considering,0
17923,1,51835,71,8,844656,397,5,5,very_sat,little,actively_looking_into_it,0
13921,0,64811,56,20,965316,256,4,6,avg,little,no,0
16738,1,21603,49,0,797639,207,5,9,very_unsat,very_little,actively_looking_into_it,0
889,0,145529,210,23,163893,322,24,6,very_unsat,very_high,considering,1
4483,1,117901,0,73,589865,617,1,1,very_unsat,very_high,actively_looking_into_it,1
6727,0,67860,230,0,400220,367,21,13,very_unsat,very_little,considering,1
7367,1,35931,232,0,989017,225,3,13,very_unsat,very_high,no,0
8069,0,147495,215,17,405106,414,1,6,unsat,little,considering,1
9940,0,110514,213,0,399073,444,26,12,very_unsat,very_high,actively_looking_into_it,1
1492,0,122314,0,17,911633,525,0,6,very_unsat,little,no,0
7453,0,69047,202,59,449694,320,12,4,very_unsat,little,actively_looking_into_it,1
19308,1,50171,195,18,758795,277,28,5,unsat,very_high,actively_looking_into_it,0
9246,1,62556,201,35,863326,370,29,1,sat,high,no,1
7008,1,90926,25,57,960983,334,4,1,very_unsat,very_high,no,0
7208,0,151711,0,33,437099,767,0,2,unsat,high,no,1
15589,1,76346,242,68,645369,378,15,2,sat,very_little,considering,0
6514,0,112200,71,13,891059,848,16,4,very_unsat,high,actively_looking_into_it,1
19668,1,61576,0,77,514395,325,1,1,very_unsat,little,actively_looking_into_it,0
12298,0,21823,191,0,340752,153,20,9,very_sat,little,considering,0
6858,0,47087,171,0,907536,234,27,5,avg,very_little,considering,0
12518,0,156588,158,8,259088,629,16,5,very_unsat,very_high,perhaps,1
3812,1,37733,168,15,205728,246,19,5,very_unsat,very_high,considering,0
13242,1,31103,0,0,685623,237,1,6,avg,little,no,0
18188,1,95615,187,78,762453,134,19,1,unsat,very_high,actively_looking_into_it,0
577,1,135279,0,41,821113,629,1,1,avg,very_high,never_thought,0
9575,0,45333,74,0,580815,199,5,6,avg,little,actively_looking_into_it,1
14907,1,97729,0,80,214307,364,5,2,very_sat,very_high,no,1
3422,0,149068,48,11,172845,716,3,4,unsat,little,considering,0
13997,0,148322,201,89,683059,743,20,1,very_unsat,little,never_thought,1
6317,0,110212,164,15,628803,710,18,4,very_sat,little,considering,1
14035,1,98902,268,22,481889,320,21,4,very_unsat,very_high,considering,1
15419,0,43721,136,0,217827,139,16,13,avg,little,considering,1
8537,1,75522,0,0,280498,283,1,12,very_unsat,little,no,0
19645,1,78693,52,48,814268,325,3,1,very_unsat,very_little,never_thought,0
4096,0,100415,0,0,688040,480,1,8,very_unsat,little,no,0
698,1,23013,0,0,471997,152,1,10,very_unsat,very_little,actively_looking_into_it,1
2650,1,20854,0,89,581168,241,25,2,avg,avg,no,1
11387,1,29825,0,0,205843,183,1,8,very_unsat,little,considering,0
6956,1,48152,192,0,730137,180,21,14,very_sat,little,considering,0
17437,1,24628,75,0,874452,160,4,2,very_unsat,high,actively_looking_into_it,0
5902,0,37701,46,41,371217,139,3,1,very_unsat,very_little,considering,1
12458,1,36034,198,0,245512,155,29,15,very_sat,little,considering,1
17225,1,92666,220,34,526328,300,15,1,very_sat,very_little,actively_looking_into_it,1
9799,1,54116,192,8,330826,286,10,5,very_sat,very_little,never_thought,1
16632,1,67292,74,0,262167,340,5,8,very_unsat,little,no,0
13351,1,32852,71,14,996746,213,5,5,very_sat,little,considering,1
348,0,118442,216,11,404335,164,21,4,sat,very_little,no,1
19364,1,98980,60,43,716781,327,3,2,unsat,little,actively_looking_into_it,0
1248,0,76725,0,46,792749,339,1,2,very_sat,little,considering,0
4901,0,77250,0,14,337160,719,1,4,very_unsat,little,never_thought,0
4444,0,91714,221,57,688209,257,12,12,avg,little,considering,1
9343,1,71100,194,0,571290,254,28,9,very_unsat,very_high,actively_looking_into_it,1
13847,0,136301,65,22,717969,274,13,4,very_sat,very_little,no,0
18267,0,150264,0,42,813162,660,0,1,unsat,little,considering,0
443,1,36724,0,19,150873,159,1,4,very_unsat,little,considering,0
13087,0,27243,0,0,463462,203,1,12,unsat,little,actively_looking_into_it,0
11834,0,97422,0,19,534610,298,11,6,unsat,very_high,no,1
19095,1,23212,0,0,391577,154,1,10,unsat,high,no,0
320,1,80495,72,58,382795,326,5,1,sat,very_little,considering,1
9926,1,83481,66,0,919706,320,4,9,sat,very_little,actively_looking_into_it,0
1636,1,78363,59,24,915874,398,5,5,very_unsat,little,actively_looking_into_it,0
10848,0,76937,222,0,229019,333,26,14,very_unsat,very_high,no,1
9973,0,67274,59,0,158047,277,3,12,unsat,little,considering,0
14998,0,37335,0,6,784189,172,0,6,unsat,little,actively_looking_into_it,0
114,1,64779,62,85,247953,393,3,1,sat,very_little,never_thought,1
5938,1,94647,216,28,786748,339,12,2,very_unsat,very_little,actively_looking_into_it,0
6800,1,115566,75,77,298235,546,4,1,very_sat,little,considering,1
1030,0,38561,67,58,425971,132,3,2,avg,little,actively_looking_into_it,1
9630,1,61392,64,0,559351,223,5,1,very_unsat,little,considering,0
5094,1,113076,0,0,554967,721,3,14,very_unsat,avg,no,0
10326,1,36000,81,0,823715,132,25,14,unsat,high,considering,0
18271,1,159370,205,73,924536,847,13,2,avg,little,considering,1
15103,0,35551,67,76,443176,247,4,2,very_unsat,very_little,considering,1
14086,1,36577,0,48,543720,143,1,1,very_sat,little,considering,0
9061,1,123179,199,13,375526,730,4,4,very_unsat,little,considering,1
10903,0,21002,48,26,488203,200,5,2,very_unsat,little,considering,1
14498,1,118726,211,0,283461,213,18,11,very_unsat,little,never_thought,1
18560,1,48829,0,58,259676,168,1,2,very_unsat,little,considering,0
2548,1,137912,55,6,507611,189,4,6,sat,little,no,1
5749,0,49857,199,22,304842,147,18,4,very_sat,very_little,no,0
14674,1,156796,40,22,832457,883,4,4,unsat,little,perhaps,1
5714,0,55461,233,0,965155,256,12,8,unsat,very_little,never_thought,0
10413,1,51014,83,0,222544,299,5,10,very_unsat,very_little,no,0
12664,1,116138,177,0,375359,799,17,13,unsat,little,no,1
7685,1,127126,64,15,538301,671,4,5,sat,avg,perhaps,1
6011,0,107047,0,9,238839,605,1,5,very_unsat,little,actively_looking_into_it,0
8868,0,32280,0,0,620073,216,1,13,unsat,very_high,considering,0
15210,1,45908,78,0,871902,204,4,6,avg,very_high,considering,0
15729,0,90865,196,0,179271,290,4,13,very_unsat,little,never_thought,1
1942,1,20381,222,27,541099,233,1,1,very_sat,little,considering,1
8568,0,34653,205,0,318918,201,17,2,very_sat,little,actively_looking_into_it,1
7083,1,37806,0,5,595651,131,5,5,very_unsat,very_high,considering,1
9184,1,21930,0,43,539140,243,0,2,very_sat,little,actively_looking_into_it,0
19537,1,49900,0,60,349478,205,0,1,very_unsat,avg,considering,1
5706,1,56685,188,72,617849,341,16,2,unsat,very_little,no,0
15892,0,44237,0,0,504076,706,1,10,very_sat,little,actively_looking_into_it,0
13715,0,62459,0,15,578728,313,1,6,very_sat,little,considering,1
8211,1,20331,190,9,218921,206,23,6,very_sat,high,actively_looking_into_it,1
13844,1,74370,44,14,446770,317,5,2,unsat,little,considering,1
19973,1,22472,65,66,628649,226,4,1,unsat,little,actively_looking_into_it,0
12957,0,84496,197,37,243837,281,29,2,very_unsat,little,no,0
4666,1,48363,64,6,327009,238,0,11,unsat,little,actively_looking_into_it,0
1565,1,141860,66,82,387002,483,5,1,very_unsat,little,considering,0
5026,1,69882,0,17,250543,393,0,5,very_unsat,very_high,actively_looking_into_it,0
452,1,118008,63,43,157907,835,3,2,very_sat,little,actively_looking_into_it,0
148,1,125614,0,82,172512,673,1,1,unsat,high,considering,0
18652,0,54060,0,59,207234,255,0,1,unsat,little,never_thought,1
12551,0,53634,0,5,171937,372,1,6,unsat,very_little,actively_looking_into_it,0
3918,0,21546,0,22,467967,181,0,5,very_sat,very_little,actively_looking_into_it,0
3151,0,46590,0,17,350459,189,1,5,avg,little,no,0
10139,1,33588,229,9,275540,211,10,6,very_unsat,very_little,considering,0
19389,0,48884,214,24,156531,212,21,5,very_unsat,very_high,considering,1
2315,0,99415,187,20,522520,324,16,4,very_unsat,very_little,actively_looking_into_it,1
11852,0,24709,206,46,423893,174,21,1,unsat,very_high,considering,1
18138,1,158684,0,0,223075,687,1,14,unsat,little,actively_looking_into_it,1
14349,0,155691,173,50,989951,790,3,1,unsat,very_little,considering,1
560,0,61513,56,0,725920,265,4,11,unsat,little,considering,0
3153,0,53164,51,0,814523,327,3,9,avg,very_little,considering,0
15094,1,22692,25,16,219148,195,5,4,very_unsat,little,actively_looking_into_it,0
830,0,42155,248,0,690747,225,0,9,very_unsat,little,actively_looking_into_it,0
13054,1,138731,145,5,371313,270,19,6,very_unsat,little,actively_looking_into_it,0
6106,1,88364,228,50,463393,313,14,1,very_unsat,little,no,1
13887,0,100066,42,0,703649,642,5,11,very_sat,very_high,actively_looking_into_it,0
17841,0,61819,59,41,433919,339,23,1,very_unsat,very_high,considering,1
16970,1,104812,235,72,382470,854,18,5,very_unsat,little,actively_looking_into_it,1
4595,1,74702,0,0,554338,381,1,8,very_sat,little,considering,0
4833,1,42520,140,0,181817,235,28,15,very_unsat,little,considering,1
8267,0,158233,74,0,820085,595,3,11,very_sat,very_high,considering,0
10822,1,143013,0,25,797214,438,1,2,avg,avg,never_thought,0
6702,0,74544,224,0,543006,293,22,14,very_sat,little,considering,1
4667,1,129562,0,13,357510,623,0,4,unsat,little,considering,0
164,1,130433,73,10,201671,614,3,4,very_sat,little,perhaps,1
11520,0,65987,77,72,200335,261,5,1,very_unsat,very_little,considering,1
2006,0,53388,202,0,456257,252,25,12,very_sat,very_little,no,0
1007,1,50950,74,42,805947,353,4,2,avg,very_little,considering,0
3814,0,82339,53,0,290710,365,4,11,avg,very_high,actively_looking_into_it,0
16978,1,98307,175,12,196752,377,24,6,unsat,very_little,considering,1
15790,0,146965,66,7,648138,478,5,5,very_unsat,very_high,perhaps,1
9735,0,132258,52,0,235213,496,5,11,very_unsat,very_little,no,0
7459,1,150262,0,0,938893,543,0,8,very_sat,little,actively_looking_into_it,1
15317,0,70313,54,0,219557,287,4,14,very_sat,little,no,1
19724,0,73281,180,14,453328,300,10,5,very_sat,avg,considering,1
11665,0,37562,184,0,656851,206,19,14,unsat,very_high,no,1
787,1,66878,0,49,159161,376,1,1,very_unsat,very_little,no,0
8129,1,46644,190,0,280347,198,24,8,very_unsat,high,never_thought,1
1101,0,138333,0,72,156327,702,0,1,very_unsat,little,considering,1
463,1,21095,0,0,308648,244,1,8,unsat,very_high,actively_looking_into_it,0
8451,0,94672,0,25,688751,205,1,2,very_unsat,little,considering,1
16856,1,118747,52,5,287751,460,5,6,very_sat,very_high,actively_looking_into_it,0
17248,0,47921,74,84,251817,168,3,2,very_unsat,little,actively_looking_into_it,0
14414,0,59020,156,0,283026,332,19,5,very_sat,little,considering,1
14333,0,91012,73,0,208290,288,3,14,unsat,very_little,no,0
17224,1,56863,75,11,983511,293,5,4,very_unsat,little,no,0
16065,0,20544,227,13,190178,317,21,4,very_unsat,very_little,no,1
5639,0,33908,0,0,413079,196,4,4,very_unsat,little,no,1
1191,0,33980,0,0,552261,175,16,1,very_unsat,very_high,no,0
11593,1,59807,0,0,282287,287,0,5,very_unsat,very_high,no,1
19639,0,29760,252,67,936058,147,17,1,very_sat,little,considering,1
11718,1,42602,46,0,205758,527,3,8,unsat,little,no,1
18154,1,96718,46,21,941671,349,5,4,very_sat,very_high,perhaps,1
14584,1,152367,0,0,789406,677,0,4,very_sat,very_high,considering,0
8889,1,45864,0,59,292368,202,1,2,very_sat,little,considering,0
8825,0,51308,63,0,230898,381,5,14,unsat,high,no,1
5000,1,94950,0,0,194107,324,0,13,very_unsat,very_little,considering,1
5832,0,137102,62,0,378696,733,3,11,unsat,very_little,actively_looking_into_it,1
14070,0,108371,167,36,279770,455,23,2,very_sat,little,no,1
11343,0,27850,71,0,257317,332,4,11,unsat,little,considering,0
16643,1,134112,0,58,458419,807,0,2,very_unsat,little,actively_looking_into_it,0
5319,0,51574,177,5,172963,153,20,14,unsat,very_little,no,1
6958,0,54353,184,0,156317,292,13,1,very_unsat,very_little,considering,1
15133,0,40285,42,25,162815,257,5,2,very_sat,very_high,actively_looking_into_it,1
12078,0,29754,213,0,228222,186,24,10,very_unsat,very_little,considering,1
7198,0,153569,184,7,375172,826,29,4,unsat,very_little,actively_looking_into_it,1
9959,0,95886,220,0,281035,357,24,14,very_unsat,little,considering,1
12577,0,29287,60,23,721579,161,3,6,very_sat,very_high,considering,0
16399,0,62835,0,0,518682,261,4,9,unsat,very_high,no,1
4564,0,72045,213,0,381577,279,12,8,unsat,very_high,no,1
4540,0,66362,68,15,280343,252,0,8,very_sat,very_high,actively_looking_into_it,1
7663,0,127637,0,60,568112,652,1,2,very_sat,little,actively_looking_into_it,0
16813,0,28713,71,0,300211,209,5,10,sat,very_high,no,1
2579,1,109664,239,0,504316,832,14,13,very_unsat,little,no,0
15136,1,153743,0,0,264352,610,5,12,unsat,little,actively_looking_into_it,0
12954,1,100577,29,0,175534,708,5,8,unsat,high,considering,1
16390,0,64864,42,0,599342,303,3,8,very_unsat,little,perhaps,0
1300,1,103470,0,34,190119,266,1,2,unsat,very_little,considering,1
8987,0,28238,177,44,196545,197,13,4,very_unsat,avg,considering,1
744,1,43005,165,82,639422,241,1,1,avg,very_high,considering,0
4357,1,29375,0,0,346095,144,4,13,very_unsat,very_high,considering,1
2440,0,38389,0,86,736774,162,0,1,unsat,very_high,no,0
14466,0,93483,0,0,180792,260,1,14,very_unsat,very_little,actively_looking_into_it,1
5585,1,20818,185,17,541229,197,14,4,very_unsat,little,actively_looking_into_it,1
5306,1,32455,75,0,265928,200,5,8,very_unsat,very_high,considering,1
4832,1,134607,191,0,583748,760,4,10,very_unsat,very_little,considering,1
3352,0,22275,49,12,410792,312,5,2,very_unsat,little,no,1
677,0,151097,63,0,454280,887,4,8,sat,little,no,1
11590,1,97250,0,26,838247,305,4,1,avg,avg,considering,0
16028,0,102397,198,7,182675,539,21,5,unsat,avg,actively_looking_into_it,1
8144,1,24506,62,71,368975,194,4,2,avg,very_little,perhaps,0
14685,0,39865,60,0,540131,223,4,13,very_unsat,little,no,0
6283,0,130774,189,0,222933,878,15,10,very_sat,little,considering,1
7757,0,26967,0,9,434034,160,1,5,unsat,little,no,0
993,0,76319,209,0,928608,327,15,9,unsat,very_high,no,0
11499,1,38203,65,10,566698,735,4,10,very_unsat,very_little,never_thought,1
3212,0,36129,0,0,620770,176,0,10,very_sat,very_high,actively_looking_into_it,0
856,1,94693,164,71,298620,419,12,2,very_unsat,very_high,never_thought,0
12449,0,133088,31,0,544316,405,5,14,sat,very_high,no,0
4187,1,117719,166,51,645017,788,18,2,very_sat,high,actively_looking_into_it,1
578,1,29250,66,8,224504,236,5,6,very_sat,little,no,1
18655,1,37330,44,78,767772,144,3,8,unsat,very_high,no,0
1590,1,43559,0,55,298880,163,0,1,unsat,very_high,never_thought,0
6299,1,146717,169,24,625480,228,28,6,very_unsat,very_little,considering,1
4101,1,49647,65,89,259809,161,4,1,unsat,very_little,considering,1
13239,1,47882,60,61,971239,170,4,6,unsat,little,actively_looking_into_it,1
2318,0,146674,0,0,659294,719,1,12,unsat,very_high,considering,1
18084,0,54192,211,70,996492,396,15,1,very_unsat,very_high,considering,0
8196,0,39406,13,46,467445,753,3,1,avg,very_high,considering,1
2079,0,123065,196,10,468825,853,27,2,very_sat,high,considering,1
4856,1,29402,284,14,282611,212,19,4,unsat,avg,considering,1
457,1,36585,0,43,344581,537,0,1,avg,very_high,no,1
3847,0,148942,65,79,365085,741,3,2,sat,very_high,no,0
4751,1,138063,0,14,343687,322,0,14,very_unsat,little,considering,0
15562,0,37097,0,0,587426,235,1,9,unsat,little,considering,0
6061,1,134961,84,62,188929,613,3,2,unsat,high,actively_looking_into_it,1
7949,1,85192,0,24,163515,307,1,6,very_sat,very_little,considering,0
11024,0,35091,51,18,161336,208,5,6,very_unsat,little,never_thought,1
18193,0,35323,170,40,477121,193,25,1,very_unsat,very_little,considering,1
18957,1,53278,51,26,663183,271,4,1,very_sat,avg,considering,0
8924,0,80467,0,15,286915,308,1,6,very_sat,little,never_thought,0
4612,0,56937,183,17,753432,307,21,5,very_sat,high,no,1
9987,1,37611,0,0,366541,225,0,15,unsat,high,considering,1
11632,0,134041,10,28,399805,849,5,2,very_sat,little,actively_looking_into_it,1
18283,1,27177,219,30,161968,217,19,14,very_sat,little,perhaps,1
4606,1,96919,229,0,567883,348,25,8,unsat,very_high,considering,1
5097,0,96645,0,39,201543,573,1,13,very_sat,very_little,never_thought,1
18791,1,83985,57,13,736335,296,4,6,very_sat,little,actively_looking_into_it,0
14875,0,157647,187,0,692976,835,20,13,very_unsat,very_high,considering,0
6176,0,135073,45,20,327935,759,1,4,unsat,little,actively_looking_into_it,0
16391,1,158954,199,83,842094,444,24,2,very_unsat,avg,no,1
7397,1,52927,224,58,296332,383,26,1,sat,very_high,actively_looking_into_it,0
13329,0,48214,70,0,726626,191,3,11,very_unsat,very_little,no,0
17046,1,103790,227,22,410917,415,27,4,very_sat,very_high,actively_looking_into_it,1
13477,1,91734,192,44,494728,300,21,1,very_sat,very_high,no,1
6785,0,152208,0,38,364819,889,4,2,avg,very_high,considering,0
13426,0,127090,181,60,966184,818,18,1,very_sat,very_little,actively_looking_into_it,0
10762,1,74664,52,25,547892,399,5,1,avg,high,actively_looking_into_it,1
19343,0,52012,54,0,215884,278,3,10,unsat,very_high,no,0
1728,1,59777,179,0,174213,367,25,6,avg,little,actively_looking_into_it,1
10514,1,107532,202,76,737854,747,4,2,unsat,very_high,never_thought,1
3793,0,80489,88,0,542451,264,17,15,very_sat,little,actively_looking_into_it,1
15973,0,81393,0,29,180918,373,1,1,unsat,avg,considering,1
12279,0,148418,0,0,355981,591,1,11,unsat,very_little,perhaps,1
7935,0,134392,0,0,489343,510,1,14,very_unsat,very_little,considering,0
19239,0,153778,0,9,430324,663,0,4,very_sat,very_little,considering,0
18047,1,71475,66,0,947200,335,4,12,avg,little,considering,0
8491,0,120407,58,0,517021,427,4,11,very_unsat,very_little,no,1
3759,0,102473,79,0,964729,895,3,12,very_sat,little,considering,0
13853,1,90085,76,23,222595,338,5,6,sat,very_high,considering,0
17433,0,85605,162,19,200508,311,19,6,very_unsat,little,actively_looking_into_it,1
2068,1,131585,231,30,974796,877,13,1,avg,very_little,never_thought,0
10012,0,116944,73,0,267588,421,5,2,very_sat,very_high,no,0
6272,1,146361,0,39,699986,552,1,1,very_unsat,little,considering,1
15236,0,40518,74,64,981092,211,5,1,very_unsat,little,considering,0
17629,1,125423,0,0,204950,708,1,10,unsat,little,never_thought,0
3596,1,126974,86,46,237641,283,3,2,very_unsat,little,actively_looking_into_it,1
11264,0,90230,0,71,269304,265,5,1,unsat,very_little,no,0
4245,1,62016,0,0,486509,191,1,1,very_unsat,very_little,actively_looking_into_it,1
495,1,34569,0,80,737019,230,0,1,very_unsat,little,actively_looking_into_it,0
13467,1,105158,47,51,219873,477,3,2,very_sat,little,actively_looking_into_it,1
15832,1,89818,170,83,460368,379,22,1,very_sat,high,considering,1
17171,1,24659,224,59,824188,226,13,1,very_unsat,high,actively_looking_into_it,0
2581,0,152920,172,41,248194,522,11,1,very_unsat,little,perhaps,1
554,1,22494,174,27,390553,170,4,2,very_unsat,little,no,0
1262,0,126817,0,18,615627,475,1,6,very_sat,high,considering,0
13590,0,22626,54,0,232977,202,5,15,unsat,little,considering,1
4585,1,42098,63,30,217182,238,5,1,very_unsat,high,actively_looking_into_it,0
2188,1,27288,245,15,589654,150,22,1,very_unsat,high,actively_looking_into_it,1
13803,1,129446,194,19,535234,808,29,5,avg,very_little,actively_looking_into_it,1
6136,1,71344,0,16,181258,251,0,4,very_sat,little,no,0
18912,1,84726,80,0,178605,343,1,14,very_unsat,very_little,considering,1
6194,1,137451,220,0,638217,743,12,10,very_unsat,very_high,no,0
11218,1,46640,65,30,232199,137,3,2,very_sat,little,considering,0
12203,0,130374,151,30,622807,651,23,1,very_sat,very_high,considering,1
8168,1,28639,0,22,660427,238,1,5,very_unsat,very_little,actively_looking_into_it,0
15644,0,133867,0,12,193117,879,0,6,unsat,little,actively_looking_into_it,0
1333,1,86710,181,0,469676,256,29,10,unsat,little,considering,0
3462,0,83479,219,18,531628,323,28,4,unsat,little,considering,1
11696,1,153643,0,0,217025,419,0,12,avg,little,considering,1
13672,1,42766,62,79,269668,733,4,1,avg,little,never_thought,1
5866,0,126899,0,55,783542,618,1,1,very_unsat,avg,actively_looking_into_it,1
12788,0,109471,77,0,717896,847,24,9,sat,little,considering,0
167,0,61160,0,0,190204,331,1,8,unsat,little,never_thought,0
7574,0,131981,0,34,995064,680,1,2,very_unsat,very_high,actively_looking_into_it,1
8058,1,68422,0,15,408220,310,1,5,very_sat,very_high,actively_looking_into_it,0
4965,1,41175,61,41,229062,150,13,1,very_unsat,very_high,actively_looking_into_it,0
715,1,27794,187,53,318033,158,13,1,very_sat,little,actively_looking_into_it,1
10488,1,72934,41,7,458723,305,5,4,avg,little,actively_looking_into_it,0
12791,1,97421,0,65,617345,329,1,1,very_unsat,very_high,actively_looking_into_it,0
3924,0,128322,213,38,835920,782,20,1,very_unsat,little,considering,1
5327,0,80295,71,0,204585,327,4,15,very_sat,little,perhaps,0
14071,1,54835,54,38,171550,256,3,1,unsat,little,considering,0
16422,1,71985,237,13,285089,353,21,6,very_unsat,little,actively_looking_into_it,1
11538,0,35616,0,36,499197,167,5,1,unsat,very_high,perhaps,1
7450,1,20243,64,5,832270,231,5,5,very_unsat,high,actively_looking_into_it,0
12389,0,65995,222,7,177939,343,19,4,unsat,little,considering,1
12167,0,21499,244,0,278558,138,27,13,very_unsat,very_high,perhaps,1
16532,1,117258,84,0,553033,528,5,11,unsat,little,actively_looking_into_it,1
16602,0,59159,0,44,874201,329,1,2,very_sat,little,actively_looking_into_it,0
8791,1,62532,0,65,239155,712,0,2,avg,little,no,0
3123,1,51480,220,17,981933,369,23,5,very_unsat,little,actively_looking_into_it,0
7568,1,49966,165,0,204764,208,18,14,unsat,little,no,1
8859,1,61641,0,0,635875,283,0,11,unsat,very_high,actively_looking_into_it,0
17586,1,30735,0,5,852551,613,1,5,very_unsat,high,considering,0
2431,1,42767,69,59,299796,194,5,2,very_unsat,high,no,1
13232,1,77361,72,12,674329,261,3,4,very_unsat,little,actively_looking_into_it,0
12222,0,51525,0,38,540056,258,1,2,very_unsat,little,actively_looking_into_it,1
6913,0,27258,50,0,293462,222,3,10,very_unsat,very_little,no,1
8467,0,81727,0,17,153492,391,1,6,very_sat,little,perhaps,0
6409,0,132030,48,20,582929,721,5,9,sat,little,no,0
10231,0,124158,0,0,728417,402,0,15,very_sat,very_high,actively_looking_into_it,1
12413,1,40650,245,0,266920,243,24,14,very_unsat,little,considering,1
7951,0,46193,0,29,751428,171,1,2,very_sat,very_high,considering,0
10942,1,102909,0,0,441147,538,0,9,very_sat,very_high,considering,0
2163,0,55652,210,63,718624,360,19,2,very_unsat,very_high,no,0
12787,0,148990,44,45,867721,570,4,1,very_unsat,high,considering,1
2541,0,63101,0,18,216295,398,0,5,very_sat,little,considering,0
11609,0,36310,0,8,288018,143,1,4,very_sat,avg,considering,0
16427,1,76945,0,0,473002,373,3,11,avg,very_high,perhaps,1
4264,0,78210,0,5,168560,313,1,6,unsat,very_little,actively_looking_into_it,0
3127,1,91694,0,6,232383,351,0,4,very_unsat,very_high,actively_looking_into_it,0
9042,0,99255,0,12,725528,342,0,13,very_sat,little,considering,0
6292,0,110577,0,0,962467,855,1,12,very_sat,very_little,actively_looking_into_it,0
16244,1,132576,0,54,461779,555,0,1,very_unsat,high,actively_looking_into_it,1
14316,0,112276,158,32,164684,573,22,15,very_unsat,very_high,no,1
15109,1,37613,25,0,368266,239,3,12,very_sat,very_little,considering,1
8667,1,68154,219,0,250723,135,18,9,very_unsat,little,considering,1
4320,1,147481,0,52,160464,897,0,2,very_unsat,little,no,1
2676,1,101257,78,40,910561,784,18,1,avg,very_high,actively_looking_into_it,1
14556,0,83532,52,16,666977,311,3,5,avg,very_little,considering,1
1861,1,141231,205,63,591468,822,13,1,very_sat,very_little,actively_looking_into_it,0
14915,0,28400,0,0,689580,234,1,12,very_unsat,high,no,0
18969,1,119200,172,21,289699,739,4,6,very_unsat,very_high,considering,0
18113,1,71326,172,19,264370,359,3,6,very_unsat,very_little,considering,1
6363,1,48401,167,0,623160,210,0,4,very_unsat,little,actively_looking_into_it,0
16214,0,47237,48,0,900390,190,4,14,avg,little,actively_looking_into_it,0
3739,1,155199,157,34,264008,858,18,2,very_sat,little,actively_looking_into_it,1
1293,1,148945,53,8,837943,420,3,4,very_unsat,little,never_thought,0
17489,0,45091,228,17,238981,202,17,4,very_unsat,little,considering,1
18289,1,93561,0,0,159012,351,1,14,sat,little,considering,0
19941,1,44537,67,42,228470,230,3,2,very_sat,little,considering,1
17960,0,98712,0,37,569223,282,1,2,very_sat,high,no,1
14471,1,124962,145,12,478539,579,29,6,unsat,very_high,never_thought,1
14180,1,31494,0,51,424588,173,1,2,unsat,very_high,actively_looking_into_it,1
2261,1,43786,37,62,846004,149,3,1,avg,very_high,considering,0
11582,0,64860,46,24,582558,322,3,6,very_unsat,very_little,actively_looking_into_it,1
416,1,20684,0,20,272561,153,0,4,very_sat,high,no,0
16498,0,39951,69,20,625947,149,5,6,very_unsat,very_high,considering,1
4380,0,61839,200,44,230438,303,15,2,unsat,little,considering,1
4694,0,80899,0,42,568111,340,1,1,very_sat,very_high,considering,0
9836,0,34062,67,22,821955,590,4,4,very_sat,very_high,no,1
18355,1,50083,0,0,160335,266,5,10,unsat,very_high,considering,0
7502,0,70413,0,49,432092,364,0,2,avg,little,actively_looking_into_it,1
19229,1,83462,0,15,659603,366,1,6,avg,avg,considering,0
3465,0,118797,220,0,398173,683,18,2,very_unsat,little,considering,1
17944,1,102998,76,0,594210,779,4,10,very_sat,very_little,actively_looking_into_it,1
18250,0,77752,73,21,541659,304,4,4,avg,little,no,1
16046,0,63168,227,0,248731,332,3,13,very_unsat,little,considering,1
3349,1,103119,67,19,320435,887,5,5,unsat,very_high,no,1
4143,1,34950,193,15,260915,227,25,4,very_unsat,very_little,considering,0
7597,0,70804,0,50,376553,841,26,2,very_unsat,avg,actively_looking_into_it,1
10928,1,37698,0,19,247593,204,0,4,very_unsat,very_high,no,0
5746,0,40272,182,15,660850,242,29,4,very_sat,high,actively_looking_into_it,0
11187,1,153763,0,12,970499,702,1,12,very_unsat,high,never_thought,0
328,1,132181,0,64,629528,893,4,2,very_unsat,little,actively_looking_into_it,1
3636,1,131343,0,22,249238,661,1,4,very_unsat,little,never_thought,0
13294,1,120320,71,16,620766,628,4,6,very_sat,little,considering,1
4535,0,73200,0,0,971480,260,0,14,very_sat,very_little,perhaps,1
14550,0,159691,0,29,264399,392,1,2,very_sat,very_little,actively_looking_into_it,0
5337,1,158682,88,5,295784,563,4,6,very_sat,little,considering,1
10067,0,20624,0,58,477705,166,0,1,very_unsat,little,never_thought,1
10991,1,37219,186,0,228331,131,29,11,very_unsat,very_little,considering,1
2571,1,78859,57,49,192232,319,3,1,very_sat,very_high,considering,1
17281,1,145574,159,73,214883,801,19,5,very_unsat,little,considering,1
9135,0,158599,154,70,468070,773,24,2,very_unsat,very_high,considering,1
12053,1,132579,0,22,431562,647,1,4,avg,little,considering,0
15334,0,114692,216,0,696807,402,18,11,very_sat,very_high,never_thought,0
11288,1,116299,0,18,218522,780,0,5,very_sat,very_little,actively_looking_into_it,0
11963,1,141316,203,0,162681,531,22,1,very_sat,very_high,perhaps,1
645,0,107471,57,48,944205,590,5,1,very_unsat,little,actively_looking_into_it,0
17624,0,110636,193,19,269118,765,14,6,very_unsat,very_high,no,0
4641,1,132063,0,12,239464,682,1,10,very_unsat,very_high,considering,0
4199,0,107847,65,0,677909,752,1,8,very_unsat,very_high,no,1
19068,1,39216,191,0,626254,218,27,8,very_unsat,high,actively_looking_into_it,1
10760,1,51527,47,49,503169,305,0,1,avg,little,no,1
